Bairro,Zona,Cidade,UF
Água Branca,Oeste,São Paulo,SP
Água Fria,Norte,São Paulo,SP
Água Funda,Sul,São Paulo,SP
Água Rasa,Leste,São Paulo,SP
Aclimação,Sul,São Paulo,SP
Alto da Boa Vista,Sul,São Paulo,SP
Alto da Lapa,Oeste,São Paulo,SP
Alto da Mooca,Leste,São Paulo,SP
Alto da Riviera,Sul,São Paulo,SP
Alto de Pinheiros,Oeste,São Paulo,SP
Alto do Pari,Centro,São Paulo,SP
Altos de Vila Prudente,Leste,São Paulo,SP
Americanópolis,Sul,São Paulo,SP
Anhanguera,Norte,São Paulo,SP
Artur Alvim,Leste,São Paulo,SP
Associação Sobradinho,Norte,São Paulo,SP
Balneário Dom Carlos,Sul,São Paulo,SP
Balneário Mar Paulista,Sul,São Paulo,SP
Balneário São Francisco,Sul,São Paulo,SP
Balneário São José,Sul,São Paulo,SP
Barra Funda,Oeste,São Paulo,SP
Barragem,Norte,São Paulo,SP
Barro Branco (Zona Norte),Norte,São Paulo,SP
Bela Aliança,Oeste,São Paulo,SP
Bela Vista,Centro,São Paulo,SP
Belenzinho,Leste,São Paulo,SP
Boaçava,Oeste,São Paulo,SP
Bom Retiro,Centro,São Paulo,SP
Bororé,Sul,São Paulo,SP
Bortolândia,Norte,São Paulo,SP
Bosque da Saúde,Sul,São Paulo,SP
Brás,Leste,São Paulo,SP
Brasilândia,Norte,São Paulo,SP
Brooklin Novo,Sul,São Paulo,SP
Brooklin Paulista,Sul,São Paulo,SP
Burgo Paulista,Leste,São Paulo,SP
Butantã,Oeste,São Paulo,SP
Cachoeirinha,Norte,São Paulo,SP
Cambuci,Sul,São Paulo,SP
Campininha,Sul,São Paulo,SP
Campo Belo,Sul,São Paulo,SP
Campo Grande,Sul,São Paulo,SP
Campo Limpo,Sul,São Paulo,SP
Campos Elíseos,Centro,São Paulo,SP
Cangaíba,Leste,São Paulo,SP
Canindé,Centro,São Paulo,SP
Cantinho do Céu,Sul,São Paulo,SP
Capão do Embira,Sul,São Paulo,SP
Capão Redondo,Sul,São Paulo,SP
Capela do Socorro,Sul,São Paulo,SP
Carandiru,Norte,São Paulo,SP
Casa Verde,Norte,São Paulo,SP
Casa Verde Alta,Norte,São Paulo,SP
Casa Verde Baixa,Norte,São Paulo,SP
Casa Verde Média,Norte,São Paulo,SP
Catumbi,Sul,São Paulo,SP
Caxingui,Oeste,São Paulo,SP
Centro,Centro,São Paulo,SP
Cerqueira César,Oeste,São Paulo,SP
Chácara Bandeirantes,Sul,São Paulo,SP
Chácara Belenzinho,Leste,São Paulo,SP
Chácara Bosque do Sol,Norte,São Paulo,SP
Chácara Califórnia,Leste,São Paulo,SP
Chácara Cocaia,Sul,São Paulo,SP
Chácara Cruzeiro do Sul,Sul,São Paulo,SP
Chácara da Enseada,Sul,São Paulo,SP
Chácara das Corujas,Oeste,São Paulo,SP
Chácara do Conde,Sul,São Paulo,SP
Chácara do Sol,Norte,São Paulo,SP
Chácara Dona Olívia,Sul,São Paulo,SP
Chácara Figueira Grande,Leste,São Paulo,SP
Chácara Flórida,Sul,São Paulo,SP
Chácara Flora,Sul,São Paulo,SP
Chácara Gaivotas,Sul,São Paulo,SP
Chácara Inglesa,Sul,São Paulo,SP
Chácara Itaim,Leste,São Paulo,SP
Chácara Japonesa,Norte,São Paulo,SP
Chácara Jaguará,Oeste,São Paulo,SP
Chácara Mafalda,Sul,São Paulo,SP
Chácara Maria Trindade,Oeste,São Paulo,SP
Chácara Meyer,Norte,São Paulo,SP
Chácara Monte Alegre,Sul,São Paulo,SP
Chácara Morro Alto,Oeste,São Paulo,SP
Chácara Nani,Sul,São Paulo,SP
Chácara Nossa Senhora Aparecida,Leste,São Paulo,SP
Chácara Nossa Senhora do Bom Conselho,Sul,São Paulo,SP
Chácara São João,Sul,São Paulo,SP
Chácara São Silvestre,Sul,São Paulo,SP
Chácara Santa Etelvina,Leste,São Paulo,SP
Chácara Santa Maria,Sul,São Paulo,SP
Chácara Santana,Norte,São Paulo,SP
Chácara Santo Amaro,Sul,São Paulo,SP
Chácara Santo Antônio (Zona Leste),Leste,São Paulo,SP
Chácara Santo Antônio (Zona Sul),Sul,São Paulo,SP
Chácara Santo Hubertus,Oeste,São Paulo,SP
Chácara Seis de Outubro,Leste,São Paulo,SP
Chácara Sonho Azul,Norte,São Paulo,SP
Chácara Tatuapé,Leste,São Paulo,SP
Chácara Três Meninas,Sul,São Paulo,SP
Chácara Vista Alegre,Norte,São Paulo,SP
Chora Menino,Norte,São Paulo,SP
Cidade Ademar,Sul,São Paulo,SP
Cidade Antônio Estevão de Carvalho,Leste,São Paulo,SP
Cidade Auxiliadora,Norte,São Paulo,SP
Cidade Centenário,Sul,São Paulo,SP
Cidade Continental,Norte,São Paulo,SP
Cidade D'Abril,Oeste,São Paulo,SP
Cidade de Deus,Oeste,São Paulo,SP
Cidade Domitila,Sul,São Paulo,SP
Cidade dos Bandeirantes,Sul,São Paulo,SP
Cidade Dutra,Sul,São Paulo,SP
Cidade Ipava,Oeste,São Paulo,SP
Cidade Júlia,Sul,São Paulo,SP
Cidade Jardim,Oeste,São Paulo,SP
Cidade Kemel,Oeste,São Paulo,SP
Cidade Líder,Leste,São Paulo,SP
Cidade Luz,Centro,São Paulo,SP
Cidade Mãe do Céu,Norte,São Paulo,SP
Cidade Monções,Sul,São Paulo,SP
Cidade Nitro Operária,Norte,São Paulo,SP
Cidade Nitro Química,Norte,São Paulo,SP
Cidade Nova América,Leste,São Paulo,SP
Cidade Nova Heliópolis,Leste,São Paulo,SP
Cidade Nova São Miguel,Leste,São Paulo,SP
Cidade Patriarca,Leste,São Paulo,SP
Cidade Popular,Norte,São Paulo,SP
Cidade São Francisco,Oeste,São Paulo,SP
Cidade São Mateus,Leste,São Paulo,SP
Cidade São Miguel,Leste,São Paulo,SP
Cidade Satélite Santa Bárbara,Leste,São Paulo,SP
Cidade Tiradentes,Leste,São Paulo,SP
Cidade Vargas,Sul,São Paulo,SP
Cipó do Meio,Sul,São Paulo,SP
City América,Oeste,São Paulo,SP
Cohab Monet,Norte,São Paulo,SP
Colônia (Zona Leste),Leste,São Paulo,SP
Colônia (Zona Sul),Sul,São Paulo,SP
Condomínio Jequirituba,Sul,São Paulo,SP
Conjunto City Jaguará,Oeste,São Paulo,SP
Conjunto dos Bancários,Norte,São Paulo,SP
Conjunto Habitacional A E Carvalho,Leste,São Paulo,SP
Conjunto Habitacional Águia de Haia,Leste,São Paulo,SP
Conjunto Habitacional Barreira Grande,Norte,São Paulo,SP
Conjunto Habitacional Barro Branco I,Norte,São Paulo,SP
Conjunto Habitacional Barro Branco II,Norte,São Paulo,SP
Conjunto Habitacional Brigadeiro Eduardo Gomes,Sul,São Paulo,SP
Conjunto Habitacional Brigadeiro Faria Lima,Oeste,São Paulo,SP
Conjunto Habitacional Castro Alves,Leste,São Paulo,SP
Conjunto Habitacional Fazenda do Carmo,Leste,São Paulo,SP
Conjunto Habitacional Inácio Monteiro,Leste,São Paulo,SP
Conjunto Habitacional Instituto Adventista,Sul,São Paulo,SP
Conjunto Habitacional Jardim São Bento,Norte,São Paulo,SP
Conjunto Habitacional Jova Rural,Norte,São Paulo,SP
Conjunto Habitacional Juscelino Kubitschek,Norte,São Paulo,SP
Conjunto Habitacional Marechal Mascarenhas de Morais,Norte,São Paulo,SP
Conjunto Habitacional Padre José de Anchieta,Leste,São Paulo,SP
Conjunto Habitacional Padre Manoel da Nóbrega,Sul,São Paulo,SP
Conjunto Habitacional Padre Manoel de Paiva,Norte,São Paulo,SP
Conjunto Habitacional Parque Valo Velho II,Sul,São Paulo,SP
Conjunto Habitacional Pirajussara,Oeste,São Paulo,SP
Conjunto Habitacional Santa Etelvina II,Leste,São Paulo,SP
Conjunto Habitacional Santa Etelvina III,Leste,São Paulo,SP
Conjunto Habitacional Sitio Conceição,Sul,São Paulo,SP
Conjunto Habitacional Teotonio Vilela,Leste,São Paulo,SP
Conjunto Habitacional Turística,Sul,São Paulo,SP
Conjunto Habitacional Vila Nova Cachoeirinha,Norte,São Paulo,SP
Conjunto Promorar Estrada da Parada,Leste,São Paulo,SP
Conjunto Promorar Raposo Tavares,Oeste,São Paulo,SP
Conjunto Promorar Rio Claro,Norte,São Paulo,SP
Conjunto Promorar São Luis,Norte,São Paulo,SP
Conjunto Promorar Sapopemba,Leste,São Paulo,SP
Conjunto Promorar Vila Maria III,Norte,São Paulo,SP
Conjunto Residencial Alpes do Jaguará,Oeste,São Paulo,SP
Conjunto Residencial Bandeirantes,Sul,São Paulo,SP
Conjunto Residencial Butantã,Oeste,São Paulo,SP
Conjunto Residencial Elisio Teixeira Leite,Norte,São Paulo,SP
Conjunto Residencial Ingai,Sul,São Paulo,SP
Conjunto Residencial Jardim Canaã,Leste,São Paulo,SP
Conjunto Residencial José Bonifácio,Leste,São Paulo,SP
Conjunto Residencial Morada do Sol,Norte,São Paulo,SP
Conjunto Residencial Novo Pacaembu,Oeste,São Paulo,SP
Conjunto Residencial Paraíso,Sul,São Paulo,SP
Conjunto Residencial Prestes Maia,Norte,São Paulo,SP
Conjunto Residencial Sabarú - Campo Grande,Sul,São Paulo,SP
Conjunto Residencial Salvador Tolezani,Sul,São Paulo,SP
Conjunto Residencial Santa Terezinha,Norte,São Paulo,SP
Conjunto Residencial Sitio Oratório,Leste,São Paulo,SP
Conjunto Residencial Vista Verde,Sul,São Paulo,SP
Consolação,Centro,São Paulo,SP
Copacabana,Norte,São Paulo,SP
Cupecê,Sul,São Paulo,SP
Cursino,Sul,São Paulo,SP
Educandário,Sul,São Paulo,SP
Eldorado,Sul,São Paulo,SP
Embura,Sul,São Paulo,SP
Engenheiro Goulart,Leste,São Paulo,SP
Engenheiro Marsilac,Sul,São Paulo,SP
Ermelino Matarazzo,Leste,São Paulo,SP
Estância Jaguará,Oeste,São Paulo,SP
Estância Mirim,Norte,São Paulo,SP
Estância Tangara,Norte,São Paulo,SP
Fazenda Aricanduva,Leste,São Paulo,SP
Fazenda da Juta,Leste,São Paulo,SP
Fazenda Itaim,Leste,São Paulo,SP
Fazenda Morumbi,Oeste,São Paulo,SP
Ferreira,Oeste,São Paulo,SP
Flor da Cantareira,Norte,São Paulo,SP
Freguesia do Ó,Norte,São Paulo,SP
Furnas,Sul,São Paulo,SP
Gleba do Pêssego,Leste,São Paulo,SP
Granja Julieta,Sul,São Paulo,SP
Granja Nossa Senhora Aparecida,Sul,São Paulo,SP
Guacuri,Sul,São Paulo,SP
Guaiúna,Leste,São Paulo,SP
Guaianazes,Leste,São Paulo,SP
Guapira,Norte,São Paulo,SP
Guarapiranga,Sul,São Paulo,SP
Higienópolis,Centro,São Paulo,SP
Horto,Norte,São Paulo,SP
Horto Florestal,Norte,São Paulo,SP
Ibirapuera,Sul,São Paulo,SP
Imirim,Norte,São Paulo,SP
Indianópolis,Sul,São Paulo,SP
Instituto de Previdência,Leste,São Paulo,SP
Interlagos,Sul,São Paulo,SP
Ipiranga,Sul,São Paulo,SP
Itaberaba,Norte,São Paulo,SP
Itaim Bibi,Oeste,São Paulo,SP
Itaim Paulista,Leste,São Paulo,SP
Itaquera,Leste,São Paulo,SP
Jaçanã,Norte,São Paulo,SP
Jabaquara,Sul,São Paulo,SP
Jaguaré,Oeste,São Paulo,SP
Jaguará,Oeste,São Paulo,SP
Jardim Ângela (Zona Leste),Leste,São Paulo,SP
Jardim Ângela (Zona Sul),Sul,São Paulo,SP
Jardim Íris,Oeste,São Paulo,SP
Jardim Áurea,Leste,São Paulo,SP
Jardim Adélia,Leste,São Paulo,SP
Jardim Adelaide,Norte,São Paulo,SP
Jardim Adelfiore,Norte,São Paulo,SP
Jardim Adhemar de Barros,Leste,São Paulo,SP
Jardim Adutora,Leste,São Paulo,SP
Jardim Aeroporto,Sul,São Paulo,SP
Jardim Aida,Norte,São Paulo,SP
Jardim Aimoré,Sul,São Paulo,SP
Jardim Aladim,Sul,São Paulo,SP
Jardim Alfredo,Leste,São Paulo,SP
Jardim Almanara,Sul,São Paulo,SP
Jardim Almeida,Norte,São Paulo,SP
Jardim Almeida Prado,Oeste,São Paulo,SP
Jardim Alpino,Sul,São Paulo,SP
Jardim Alto Alegre (São Rafael),Leste,São Paulo,SP
Jardim Alto Alegre (Zona Leste),Leste,São Paulo,SP
Jardim Alto Paulistano,Oeste,São Paulo,SP
Jardim Alto Pedroso,Norte,São Paulo,SP
Jardim Alva,Norte,São Paulo,SP
Jardim Alvina,Norte,São Paulo,SP
Jardim Alviverde,Leste,São Paulo,SP
Jardim Alvorada (Zona Norte),Norte,São Paulo,SP
Jardim Alvorada (Zona Oeste),Oeste,São Paulo,SP
Jardim Alvorada (Zona Sul),Sul,São Paulo,SP
Jardim Alzira,Norte,São Paulo,SP
Jardim Amália,Norte,São Paulo,SP
Jardim América,Oeste,São Paulo,SP
Jardim América da Penha,Leste,São Paulo,SP
Jardim Amaralina,Sul,São Paulo,SP
Jardim Ampliação,Sul,São Paulo,SP
Jardim Ana Lúcia,Norte,São Paulo,SP
Jardim Ana Maria,Sul,São Paulo,SP
Jardim Ana Rosa,Sul,São Paulo,SP
Jardim Anália Franco,Leste,São Paulo,SP
Jardim Andaraí,Norte,São Paulo,SP
Jardim Angelina,Norte,São Paulo,SP
Jardim Anhanguera,Norte,São Paulo,SP
Jardim Antártica,Oeste,São Paulo,SP
Jardim Aparecida,Leste,São Paulo,SP
Jardim Apuana,Sul,São Paulo,SP
Jardim Apurá,Sul,São Paulo,SP
Jardim Aracati,Leste,São Paulo,SP
Jardim Arantes,Leste,São Paulo,SP
Jardim Arco-Iris,Norte,São Paulo,SP
Jardim Aricanduva,Leste,São Paulo,SP
Jardim Aristocrata,Norte,São Paulo,SP
Jardim Arize,Norte,São Paulo,SP
Jardim Arizona,Norte,São Paulo,SP
Jardim Arpoador,Oeste,São Paulo,SP
Jardim Artur Alvim,Leste,São Paulo,SP
Jardim Assunção,Sul,São Paulo,SP
Jardim Ataliba Leonel,Norte,São Paulo,SP
Jardim Atlântico,Norte,São Paulo,SP
Jardim Augusta,Centro,São Paulo,SP
Jardim Augusto,Sul,São Paulo,SP
Jardim Aurélio,Norte,São Paulo,SP
Jardim Aurora (Zona Leste),Leste,São Paulo,SP
Jardim Avelino,Leste,São Paulo,SP
Jardim Avenida,Sul,São Paulo,SP
Jardim Azano I,Norte,São Paulo,SP
Jardim Azano II,Norte,São Paulo,SP
Jardim Bélgica,Sul,São Paulo,SP
Jardim Bandeirante (São Rafael),Leste,São Paulo,SP
Jardim Bandeirantes,Sul,São Paulo,SP
Jardim Bandeirantes (Zona Norte),Norte,São Paulo,SP
Jardim Bartira,Oeste,São Paulo,SP
Jardim Batalha,Leste,São Paulo,SP
Jardim Beatriz,Sul,São Paulo,SP
Jardim Beatriz (Zona Leste),Leste,São Paulo,SP
Jardim Bela Vista (Zona Norte),Norte,São Paulo,SP
Jardim Bela Vista (Zona Sul),Sul,São Paulo,SP
Jardim Belém,Leste,São Paulo,SP
Jardim Belaura,Oeste,São Paulo,SP
Jardim Belcito,Sul,São Paulo,SP
Jardim Benfica,Norte,São Paulo,SP
Jardim Bichinhos,Sul,São Paulo,SP
Jardim Boa Esperança,Norte,São Paulo,SP
Jardim Boa Vista (Zona Oeste),Oeste,São Paulo,SP
Jardim Boa Vista (Zona Sul),Sul,São Paulo,SP
Jardim Boa Vista (Anhanguera),Norte,São Paulo,SP
Jardim Bom Clima,Norte,São Paulo,SP
Jardim Bom Pastor,Sul,São Paulo,SP
Jardim Bom Refúgio,Norte,São Paulo,SP
Jardim Bonfiglioli,Oeste,São Paulo,SP
Jardim Bonito,Norte,São Paulo,SP
Jardim Borba Gato,Sul,São Paulo,SP
Jardim Botucatu,Sul,São Paulo,SP
Jardim Brasília,Sul,São Paulo,SP
Jardim Brasília (Zona Leste),Leste,São Paulo,SP
Jardim Brasília (Zona Norte),Norte,São Paulo,SP
Jardim Brasil (Zona Norte),Norte,São Paulo,SP
Jardim Brasil (Zona Sul),Sul,São Paulo,SP
Jardim Brasil Novo,Norte,São Paulo,SP
Jardim Britânia,Oeste,São Paulo,SP
Jardim Bronzato,Norte,São Paulo,SP
Jardim Buriti,Leste,São Paulo,SP
Jardim Célia,Leste,São Paulo,SP
Jardim Célia (Zona Sul),Sul,São Paulo,SP
Jardim Caboré,Oeste,São Paulo,SP
Jardim Cabuçu,Norte,São Paulo,SP
Jardim Cachoeira,Norte,São Paulo,SP
Jardim Caguassu,Leste,São Paulo,SP
Jardim Camargo Novo,Leste,São Paulo,SP
Jardim Cambara,Norte,São Paulo,SP
Jardim Campinas,Sul,São Paulo,SP
Jardim Campo dos Ferreiros,Norte,São Paulo,SP
Jardim Campo Grande,Sul,São Paulo,SP
Jardim Campo Limpo,Sul,São Paulo,SP
Jardim Campo Limpo (Zona Norte),Norte,São Paulo,SP
Jardim Campos,Leste,São Paulo,SP
Jardim Capão Redondo,Sul,São Paulo,SP
Jardim Capela,Leste,São Paulo,SP
Jardim Capelinha,Sul,São Paulo,SP
Jardim Caravelas,Sul,São Paulo,SP
Jardim Carlu,Leste,São Paulo,SP
Jardim Carolina,Norte,São Paulo,SP
Jardim Carombé,Leste,São Paulo,SP
Jardim Casa Grande,Sul,São Paulo,SP
Jardim Casa Pintada,Norte,São Paulo,SP
Jardim Casablanca,Leste,São Paulo,SP
Jardim Castelo,Sul,São Paulo,SP
Jardim Castro Alves,Leste,São Paulo,SP
Jardim Catanduva,Norte,São Paulo,SP
Jardim Catarina,Norte,São Paulo,SP
Jardim Cecy,Norte,São Paulo,SP
Jardim Celeste,Sul,São Paulo,SP
Jardim Centenário,Sul,São Paulo,SP
Jardim Cibele,Leste,São Paulo,SP
Jardim Cidália,Leste,São Paulo,SP
Jardim Cidade Pirituba,Norte,São Paulo,SP
Jardim Cinco de Julho,Norte,São Paulo,SP
Jardim Cláudia,Oeste,São Paulo,SP
Jardim Clímax,Oeste,São Paulo,SP
Jardim Clara Regina,Sul,São Paulo,SP
Jardim Clarice,Oeste,São Paulo,SP
Jardim Cleide,Norte,São Paulo,SP
Jardim Cliper,Norte,São Paulo,SP
Jardim Coimbra,Norte,São Paulo,SP
Jardim Colibri,Sul,São Paulo,SP
Jardim Colombo,Oeste,São Paulo,SP
Jardim Colonial,Norte,São Paulo,SP
Jardim Colorado,Norte,São Paulo,SP
Jardim Comercial,Norte,São Paulo,SP
Jardim Concórdia,Norte,São Paulo,SP
Jardim Consórcio,Sul,São Paulo,SP
Jardim Copacabana,Norte,São Paulo,SP
Jardim Cordeiro,Sul,São Paulo,SP
Jardim Corisco,Oeste,São Paulo,SP
Jardim Corisco Novo,Oeste,São Paulo,SP
Jardim Cotching,Leste,São Paulo,SP
Jardim Cotiana,Norte,São Paulo,SP
Jardim Cotinha,Norte,São Paulo,SP
Jardim Cris,Norte,São Paulo,SP
Jardim Cristália,Leste,São Paulo,SP
Jardim Cristal,Sul,São Paulo,SP
Jardim Cristina,Norte,São Paulo,SP
Jardim Cruz do Corisco,Oeste,São Paulo,SP
Jardim Cruzeiro,Norte,São Paulo,SP
Jardim Cupecê,Sul,São Paulo,SP
Jardim da Cachoeira,Norte,São Paulo,SP
Jardim da Campina,Norte,São Paulo,SP
Jardim da Conquista (Zona Leste),Leste,São Paulo,SP
Jardim da Conquista (Zona Oeste),Oeste,São Paulo,SP
Jardim da Glória,Sul,São Paulo,SP
Jardim da Laranjeira (Zona Leste),Leste,São Paulo,SP
Jardim da Pedreira,Norte,São Paulo,SP
Jardim da Saúde,Sul,São Paulo,SP
Jardim D'Abril,Oeste,São Paulo,SP
Jardim Dalmo,Leste,São Paulo,SP
Jardim Damasceno,Norte,São Paulo,SP
Jardim Danfer,Leste,São Paulo,SP
Jardim Danubio Azul,Leste,São Paulo,SP
Jardim das Acácias,Sul,São Paulo,SP
Jardim das Bandeiras,Oeste,São Paulo,SP
Jardim das Camélias,Leste,São Paulo,SP
Jardim das Camélias (Zona Sul),Sul,São Paulo,SP
Jardim das Carmelitas,Sul,São Paulo,SP
Jardim das Esmeraldas,Norte,São Paulo,SP
Jardim das Flores,Norte,São Paulo,SP
Jardim das Fontes,Norte,São Paulo,SP
Jardim das Graças,Oeste,São Paulo,SP
Jardim das Imbuias,Sul,São Paulo,SP
Jardim das Laranjeiras,Norte,São Paulo,SP
Jardim das Laranjeiras (Zona Sul),Sul,São Paulo,SP
Jardim das Oliveiras,Leste,São Paulo,SP
Jardim das Oliveiras (Zona Sul),Sul,São Paulo,SP
Jardim das Palmas,Sul,São Paulo,SP
Jardim das Palmeiras,Norte,São Paulo,SP
Jardim das Palmeiras (Zona Sul),Sul,São Paulo,SP
Jardim das Pedras,Norte,São Paulo,SP
Jardim das Pedras (Zona Sul),Sul,São Paulo,SP
Jardim das Praias,Sul,São Paulo,SP
Jardim das Rosas (Iguatemi),Leste,São Paulo,SP
Jardim das Rosas (Zona Leste),Leste,São Paulo,SP
Jardim das Rosas (Zona Norte),Norte,São Paulo,SP
Jardim das Rosas (Zona Sul),Sul,São Paulo,SP
Jardim das Vertentes,Oeste,São Paulo,SP
Jardim Daysy,Norte,São Paulo,SP
Jardim de Lorenzo,Norte,São Paulo,SP
Jardim Denise,Norte,São Paulo,SP
Jardim Dinar,Norte,São Paulo,SP
Jardim Dinorah,Norte,São Paulo,SP
Jardim Dionisio,Sul,São Paulo,SP
Jardim do Alto,Norte,São Paulo,SP
Jardim do Campo,Oeste,São Paulo,SP
Jardim do Centro,Norte,São Paulo,SP
Jardim do Colégio,Leste,São Paulo,SP
Jardim do Colégio (Zona Norte),Norte,São Paulo,SP
Jardim do Divino,Sul,São Paulo,SP
Jardim do Lago,Norte,São Paulo,SP
Jardim do Russo,Norte,São Paulo,SP
Jardim do Tiro,Norte,São Paulo,SP
Jardim Dom Bosco,Sul,São Paulo,SP
Jardim Dom José,Norte,São Paulo,SP
Jardim Domitila,Sul,São Paulo,SP
Jardim Dona Deolinda,Norte,São Paulo,SP
Jardim Dona Sinhá,Sul,São Paulo,SP
Jardim Donária,Sul,São Paulo,SP
Jardim dos Álamos,Sul,São Paulo,SP
Jardim dos Bichinhos,Sul,São Paulo,SP
Jardim dos Cataldis,Sul,São Paulo,SP
Jardim dos Estados,Oeste,São Paulo,SP
Jardim dos Eucaliptos,Sul,São Paulo,SP
Jardim dos Eucaliptos (Sapopemba),Leste,São Paulo,SP
Jardim dos Francos,Norte,São Paulo,SP
Jardim dos Ipês,Leste,São Paulo,SP
Jardim dos Lagos,Norte,São Paulo,SP
Jardim dos Manacás,Norte,São Paulo,SP
Jardim dos Pereiras,Norte,São Paulo,SP
Jardim dos Prados,Norte,São Paulo,SP
Jardim Dracena,Sul,São Paulo,SP
Jardim Duprat,Norte,São Paulo,SP
Jardim Edda,Norte,São Paulo,SP
Jardim Edi,Norte,São Paulo,SP
Jardim Edilene,Norte,São Paulo,SP
Jardim Edith,Sul,São Paulo,SP
Jardim Egle,Norte,São Paulo,SP
Jardim Elba,Sul,São Paulo,SP
Jardim Eledy,Norte,São Paulo,SP
Jardim Eliana,Norte,São Paulo,SP
Jardim Eliane,Norte,São Paulo,SP
Jardim Elisa Maria,Norte,São Paulo,SP
Jardim Elisio,Norte,São Paulo,SP
Jardim Eliza,Sul,São Paulo,SP
Jardim Elizabeth,Sul,São Paulo,SP
Jardim Ellus,Norte,São Paulo,SP
Jardim Elza,Norte,São Paulo,SP
Jardim Ernestina,Leste,São Paulo,SP
Jardim Esmeralda,Oeste,São Paulo,SP
Jardim Esmeralda (Zona Sul),Sul,São Paulo,SP
Jardim Ester,Oeste,São Paulo,SP
Jardim Ester Yolanda,Oeste,São Paulo,SP
Jardim Estrela D'alva,Norte,São Paulo,SP
Jardim Etelvina,Leste,São Paulo,SP
Jardim Europa,Oeste,São Paulo,SP
Jardim Eva,Norte,São Paulo,SP
Jardim Everest,Norte,São Paulo,SP
Jardim Fanganiello,Leste,São Paulo,SP
Jardim Faria Lima,Leste,São Paulo,SP
Jardim Felicidade (Zona Norte),Norte,São Paulo,SP
Jardim Felicidade (Zona Oeste),Oeste,São Paulo,SP
Jardim Fernandes,Sul,São Paulo,SP
Jardim Figueira Grande,Leste,São Paulo,SP
Jardim Filhos da Terra,Norte,São Paulo,SP
Jardim Fim de Semana,Oeste,São Paulo,SP
Jardim Flórida Paulista,Sul,São Paulo,SP
Jardim Flor de Maio,Norte,São Paulo,SP
Jardim Floresta,Norte,São Paulo,SP
Jardim Fluminense,Norte,São Paulo,SP
Jardim Fontalis,Norte,São Paulo,SP
Jardim Fonte do Morumbi,Oeste,São Paulo,SP
Jardim Forte Aliança,Norte,São Paulo,SP
Jardim Franca,Leste,São Paulo,SP
Jardim Francisco Mendes,Sul,São Paulo,SP
Jardim Fraternidade,Leste,São Paulo,SP
Jardim Fujihara,Norte,São Paulo,SP
Jardim Galli,Leste,São Paulo,SP
Jardim Germânia,Sul,São Paulo,SP
Jardim Gianetti,Leste,São Paulo,SP
Jardim Gilda Maria,Sul,São Paulo,SP
Jardim Gonzaga,Leste,São Paulo,SP
Jardim Grimaldi,Norte,São Paulo,SP
Jardim Guacuri,Sul,São Paulo,SP
Jardim Guaianazes,Leste,São Paulo,SP
Jardim Guairaca,Norte,São Paulo,SP
Jardim Guanabara,Norte,São Paulo,SP
Jardim Guanca,Leste,São Paulo,SP
Jardim Guanhembu,Sul,São Paulo,SP
Jardim Guapira,Norte,São Paulo,SP
Jardim Guarani,Leste,São Paulo,SP
Jardim Guarapiranga,Sul,São Paulo,SP
Jardim Guarau,Norte,São Paulo,SP
Jardim Guarujá,Sul,São Paulo,SP
Jardim Guedala,Oeste,São Paulo,SP
Jardim Guiomar,Leste,São Paulo,SP
Jardim Gustavo,Norte,São Paulo,SP
Jardim Hadad,Leste,São Paulo,SP
Jardim Haia do Carrão,Leste,São Paulo,SP
Jardim Hípico,Sul,São Paulo,SP
Jardim Hebrom,Leste,São Paulo,SP
Jardim Helena,Leste,São Paulo,SP
Jardim Helga,Norte,São Paulo,SP
Jardim Helian,Leste,São Paulo,SP
Jardim Heloisa,Sul,São Paulo,SP
Jardim Hercilia,Norte,São Paulo,SP
Jardim Herculano,Sul,São Paulo,SP
Jardim Herplin,Leste,São Paulo,SP
Jardim Horizonte Azul,Leste,São Paulo,SP
Jardim Humaitá,Norte,São Paulo,SP
Jardim Iae,Sul,São Paulo,SP
Jardim Iara,Norte,São Paulo,SP
Jardim Ibirapuera,Sul,São Paulo,SP
Jardim Ibiratiba,Sul,São Paulo,SP
Jardim Ibitirama,Leste,São Paulo,SP
Jardim Icaraí,Sul,São Paulo,SP
Jardim Ida Guedes,Oeste,São Paulo,SP
Jardim Ideal,Leste,São Paulo,SP
Jardim Iguatemi,Leste,São Paulo,SP
Jardim Imbé,Norte,São Paulo,SP
Jardim Império,Leste,São Paulo,SP
Jardim Imperador (Zona Leste),Leste,São Paulo,SP
Jardim Imperador (Zona Sul),Sul,São Paulo,SP
Jardim Imperial,Norte,São Paulo,SP
Jardim Indaiá,Leste,São Paulo,SP
Jardim Independência,Leste,São Paulo,SP
Jardim Ingá,Norte,São Paulo,SP
Jardim Internacional,Leste,São Paulo,SP
Jardim Ipê,Sul,São Paulo,SP
Jardim Ipanema (Cidade Líder),Leste,São Paulo,SP
Jardim Ipanema (São Miguel),Leste,São Paulo,SP
Jardim Ipanema (Zona Oeste),Oeste,São Paulo,SP
Jardim Ipanema (Zona Sul),Sul,São Paulo,SP
Jardim Iporã,Oeste,São Paulo,SP
Jardim Iporanga,Sul,São Paulo,SP
Jardim Iracema,Norte,São Paulo,SP
Jardim Irapiranga,Sul,São Paulo,SP
Jardim Irene,Sul,São Paulo,SP
Jardim Itália,Norte,São Paulo,SP
Jardim Itápolis,Leste,São Paulo,SP
Jardim Itacolomi,Norte,São Paulo,SP
Jardim Itajai,Leste,São Paulo,SP
Jardim Itaoca,Leste,São Paulo,SP
Jardim Itapema,Leste,São Paulo,SP
Jardim Itapemirim,Sul,São Paulo,SP
Jardim Itapeva,Norte,São Paulo,SP
Jardim Itapura,Leste,São Paulo,SP
Jardim Itatiaia,Oeste,São Paulo,SP
Jardim Itatinga,Leste,São Paulo,SP
Jardim Iva,Norte,São Paulo,SP
Jardim Ivana,Oeste,São Paulo,SP
Jardim Ivone,Sul,São Paulo,SP
Jardim Jaçanã,Norte,São Paulo,SP
Jardim Jaú (Zona Leste),Leste,São Paulo,SP
Jardim Jaú (Zona Sul),Sul,São Paulo,SP
Jardim Jabaquara,Sul,São Paulo,SP
Jardim Jamaica,Leste,São Paulo,SP
Jardim Japão,Norte,São Paulo,SP
Jardim Jaqueline,Oeste,São Paulo,SP
Jardim Jaguará,Oeste,São Paulo,SP
Jardim Jaguará (Itaim Paulista),Leste,São Paulo,SP
Jardim Jaguará (São Domingos),Oeste,São Paulo,SP
Jardim João XXIII,Norte,São Paulo,SP
Jardim Joamar,Norte,São Paulo,SP
Jardim Joana D'Arc,Norte,São Paulo,SP
Jardim Jordão,Leste,São Paulo,SP
Jardim Jua,Sul,São Paulo,SP
Jardim Julieta,Sul,São Paulo,SP
Jardim Jurema,Norte,São Paulo,SP
Jardim Jussara,Oeste,São Paulo,SP
Jardim Kagohara,Norte,São Paulo,SP
Jardim Keralux,Leste,São Paulo,SP
Jardim Kika,Leste,São Paulo,SP
Jardim Kioto,Norte,São Paulo,SP
Jardim Líbano,Leste,São Paulo,SP
Jardim Labitary,Leste,São Paulo,SP
Jardim Lídia,Oeste,São Paulo,SP
Jardim Lajeado,Leste,São Paulo,SP
Jardim Lallo,Norte,São Paulo,SP
Jardim Lúcia,Sul,São Paulo,SP
Jardim Lúcio de Castro,Norte,São Paulo,SP
Jardim Laone,Norte,São Paulo,SP
Jardim Lapena,Leste,São Paulo,SP
Jardim Laura,Norte,São Paulo,SP
Jardim Leônidas Moreira,Leste,São Paulo,SP
Jardim Leila,Norte,São Paulo,SP
Jardim Leme,Norte,São Paulo,SP
Jardim Leni,Norte,São Paulo,SP
Jardim Leonardo,Norte,São Paulo,SP
Jardim Leonor,Oeste,São Paulo,SP
Jardim Leonor Mendes de Barros,Leste,São Paulo,SP
Jardim Letícia,Sul,São Paulo,SP
Jardim Lider,Leste,São Paulo,SP
Jardim Liderança,Norte,São Paulo,SP
Jardim Lilah,Norte,São Paulo,SP
Jardim Limoeiro,Norte,São Paulo,SP
Jardim Lisboa,Norte,São Paulo,SP
Jardim Londrina,Oeste,São Paulo,SP
Jardim Los Angeles,Sul,São Paulo,SP
Jardim Lourdes,Norte,São Paulo,SP
Jardim Lourdes (Zona Sul),Sul,São Paulo,SP
Jardim Luanda,Norte,São Paulo,SP
Jardim Luísa,Sul,São Paulo,SP
Jardim Lucélia,Norte,São Paulo,SP
Jardim Luciana,Sul,São Paulo,SP
Jardim Lucinda,Norte,São Paulo,SP
Jardim Luso,Leste,São Paulo,SP
Jardim Luzitânia,Sul,São Paulo,SP
Jardim Mália I,Oeste,São Paulo,SP
Jardim Mália II,Oeste,São Paulo,SP
Jardim Mônica,Leste,São Paulo,SP
Jardim Mabel,Sul,São Paulo,SP
Jardim Macedônia,Norte,São Paulo,SP
Jardim Machado,Norte,São Paulo,SP
Jardim Maggi,Norte,São Paulo,SP
Jardim Maia,Norte,São Paulo,SP
Jardim Mangalot,Oeste,São Paulo,SP
Jardim Marabá,Leste,São Paulo,SP
Jardim Marabá (Zona Sul),Sul,São Paulo,SP
Jardim Maracá,Leste,São Paulo,SP
Jardim Maracanã,Leste,São Paulo,SP
Jardim Marajoara,Sul,São Paulo,SP
Jardim Marília,Norte,São Paulo,SP
Jardim Marcel,Norte,São Paulo,SP
Jardim Marcelo,Norte,São Paulo,SP
Jardim Marco Paulo,Norte,São Paulo,SP
Jardim Margarida,Sul,São Paulo,SP
Jardim Maria Amália,Norte,São Paulo,SP
Jardim Maria Augusta,Norte,São Paulo,SP
Jardim Maria Duarte,Sul,São Paulo,SP
Jardim Maria Emília,Sul,São Paulo,SP
Jardim Maria Estela,Sul,São Paulo,SP
Jardim Maria Lídia,Sul,São Paulo,SP
Jardim Maria Lúcia,Norte,São Paulo,SP
Jardim Maria Luiza,Sul,São Paulo,SP
Jardim Maria Nazaré,Norte,São Paulo,SP
Jardim Maria Rita,Leste,São Paulo,SP
Jardim Maria Sampaio,Oeste,São Paulo,SP
Jardim Maria Virginia,Sul,São Paulo,SP
Jardim Mariane,Norte,São Paulo,SP
Jardim Marilda,Norte,São Paulo,SP
Jardim Mariliza,Norte,São Paulo,SP
Jardim Marilu,Norte,São Paulo,SP
Jardim Maringá,Norte,São Paulo,SP
Jardim Marisa,Norte,São Paulo,SP
Jardim Maristela,Norte,São Paulo,SP
Jardim Marpu,Norte,São Paulo,SP
Jardim Marquesa,Sul,São Paulo,SP
Jardim Martini,Norte,São Paulo,SP
Jardim Martinica,Norte,São Paulo,SP
Jardim Martins Silva,Norte,São Paulo,SP
Jardim Matarazzo,Leste,São Paulo,SP
Jardim Mazza,Norte,São Paulo,SP
Jardim Meliunas,Norte,São Paulo,SP
Jardim Melo,Norte,São Paulo,SP
Jardim Mimar,Sul,São Paulo,SP
Jardim Miragaia,Norte,São Paulo,SP
Jardim Mirante,Oeste,São Paulo,SP
Jardim Miriam,Sul,São Paulo,SP
Jardim Mitsutani,Oeste,São Paulo,SP
Jardim Modelo,Sul,São Paulo,SP
Jardim Monjolo,Norte,São Paulo,SP
Jardim Monte Alegre,Norte,São Paulo,SP
Jardim Monte Alegre (Zona Norte),Norte,São Paulo,SP
Jardim Monte Azul,Sul,São Paulo,SP
Jardim Monte Belo,Norte,São Paulo,SP
Jardim Monte Belo (Raposo Tavares),Oeste,São Paulo,SP
Jardim Monte Kemel,Oeste,São Paulo,SP
Jardim Monte Verde,Norte,São Paulo,SP
Jardim Morada do Sol,Norte,São Paulo,SP
Jardim Morais Prado,Oeste,São Paulo,SP
Jardim Moreno,Norte,São Paulo,SP
Jardim Morganti,Norte,São Paulo,SP
Jardim Morro Verde,Norte,São Paulo,SP
Jardim Morumbi,Oeste,São Paulo,SP
Jardim Mutinga,Norte,São Paulo,SP
Jardim Myrna,Norte,São Paulo,SP
Jardim Myrna II,Norte,São Paulo,SP
Jardim Nélia,Norte,São Paulo,SP
Jardim Nadir,Norte,São Paulo,SP
Jardim Nair,Norte,São Paulo,SP
Jardim Nakamura,Oeste,São Paulo,SP
Jardim Namba,Norte,São Paulo,SP
Jardim Naufal,Leste,São Paulo,SP
Jardim Nazareth,Norte,São Paulo,SP
Jardim Neide,Norte,São Paulo,SP
Jardim Neila,Norte,São Paulo,SP
Jardim Nelia IV,Norte,São Paulo,SP
Jardim Nelly,Norte,São Paulo,SP
Jardim Nice,Norte,São Paulo,SP
Jardim Ninho Verde II,Sul,São Paulo,SP
Jardim Niteroi,Norte,São Paulo,SP
Jardim Nizia,Norte,São Paulo,SP
Jardim Noemia,Norte,São Paulo,SP
Jardim Nordeste,Leste,São Paulo,SP
Jardim Norma,Norte,São Paulo,SP
Jardim Noronha,Norte,São Paulo,SP
Jardim Nossa Senhora Aparecida,Leste,São Paulo,SP
Jardim Nossa Senhora do Carmo,Leste,São Paulo,SP
Jardim Nosso Lar,Norte,São Paulo,SP
Jardim Nova Conquista,Sul,São Paulo,SP
Jardim Nova Germania,Norte,São Paulo,SP
Jardim Nova Guaianazes,Leste,São Paulo,SP
Jardim Nova Harmonia,Norte,São Paulo,SP
Jardim Nova São Paulo (São Rafael),Leste,São Paulo,SP
Jardim Nova Tereza,Norte,São Paulo,SP
Jardim Nova Vitória I,Leste,São Paulo,SP
Jardim Nova Vitória II,Leste,São Paulo,SP
Jardim Nove de Julho,Norte,São Paulo,SP
Jardim Novo Carrão,Leste,São Paulo,SP
Jardim Novo Horizonte,Norte,São Paulo,SP
Jardim Novo Horizonte (Zona Leste),Leste,São Paulo,SP
Jardim Novo Jaú,Norte,São Paulo,SP
Jardim Novo Lar,Norte,São Paulo,SP
Jardim Novo Mundo,Norte,São Paulo,SP
Jardim Novo Pantanal,Leste,São Paulo,SP
Jardim Novo Parelheiros,Sul,São Paulo,SP
Jardim Novo Santo Amaro,Sul,São Paulo,SP
Jardim Novo Taboão,Sul,São Paulo,SP
Jardim Odete,Norte,São Paulo,SP
Jardim Olinda,Leste,São Paulo,SP
Jardim Olympia,Oeste,São Paulo,SP
Jardim Ondina,Norte,São Paulo,SP
Jardim Orbam,Norte,São Paulo,SP
Jardim Oriental,Norte,São Paulo,SP
Jardim Oriental (Parelheiros),Sul,São Paulo,SP
Jardim Orly,Sul,São Paulo,SP
Jardim Pérola I,Norte,São Paulo,SP
Jardim Pérola II,Norte,São Paulo,SP
Jardim Pérola III,Norte,São Paulo,SP
Jardim Paineiras,Sul,São Paulo,SP
Jardim Palmares (Zona Norte),Norte,São Paulo,SP
Jardim Palmares (Zona Sul),Sul,São Paulo,SP
Jardim Panorama,Oeste,São Paulo,SP
Jardim Panorama (Zona Leste),Leste,São Paulo,SP
Jardim Panorama (Zona Sul),Sul,São Paulo,SP
Jardim Panorama D'Oeste,Oeste,São Paulo,SP
Jardim Pantanal,Leste,São Paulo,SP
Jardim Papai Noel,Norte,São Paulo,SP
Jardim Paquetá (Zona Norte),Norte,São Paulo,SP
Jardim Paquetá (Zona Sul),Sul,São Paulo,SP
Jardim Paraíso,Sul,São Paulo,SP
Jardim Paraguaçu,Norte,São Paulo,SP
Jardim Paraná,Norte,São Paulo,SP
Jardim Paris,Norte,São Paulo,SP
Jardim Parque Morumbi,Oeste,São Paulo,SP
Jardim Patente,Sul,São Paulo,SP
Jardim Patente Novo,Sul,São Paulo,SP
Jardim Paulista,Oeste,São Paulo,SP
Jardim Paulistano,Oeste,São Paulo,SP
Jardim Paulistano (Zona Norte),Norte,São Paulo,SP
Jardim Paulo Afonso,Sul,São Paulo,SP
Jardim Paulo VI,Norte,São Paulo,SP
Jardim Pedra Branca,Sul,São Paulo,SP
Jardim Pedro José Nunes,Norte,São Paulo,SP
Jardim Penha,Leste,São Paulo,SP
Jardim Pereira Leite,Oeste,São Paulo,SP
Jardim Peri,Norte,São Paulo,SP
Jardim Peri Novo,Norte,São Paulo,SP
Jardim Peri Peri,Norte,São Paulo,SP
Jardim Petrópolis,Sul,São Paulo,SP
Jardim Picolo,Sul,São Paulo,SP
Jardim Pinheirinho,Sul,São Paulo,SP
Jardim Pinheiros,Oeste,São Paulo,SP
Jardim Piqueroby,Oeste,São Paulo,SP
Jardim Piracuama,Oeste,São Paulo,SP
Jardim Pirajussara,Oeste,São Paulo,SP
Jardim Piratininga,Norte,São Paulo,SP
Jardim Pirituba,Norte,São Paulo,SP
Jardim Planalto,Leste,São Paulo,SP
Jardim Poleti,Norte,São Paulo,SP
Jardim Ponte Rasa,Leste,São Paulo,SP
Jardim Popular,Norte,São Paulo,SP
Jardim Portal I e II,Sul,São Paulo,SP
Jardim Porteira Grande,Norte,São Paulo,SP
Jardim Pouso Alegre,Norte,São Paulo,SP
Jardim Prainha,Sul,São Paulo,SP
Jardim Premiano,Leste,São Paulo,SP
Jardim Presidente,Norte,São Paulo,SP
Jardim Previdência,Sul,São Paulo,SP
Jardim Primavera (Zona Norte),Norte,São Paulo,SP
Jardim Primavera (Zona Sul),Sul,São Paulo,SP
Jardim Princesa,Norte,São Paulo,SP
Jardim Progresso,Norte,São Paulo,SP
Jardim Promissão,Norte,São Paulo,SP
Jardim Prudência,Leste,São Paulo,SP
Jardim Quarto Centenário,Sul,São Paulo,SP
Jardim Quisisana (Vila Nova Curuçá),Leste,São Paulo,SP
Jardim Ramala,Leste,São Paulo,SP
Jardim Raposo Tavares,Oeste,São Paulo,SP
Jardim Real,Norte,São Paulo,SP
Jardim Recanto do Sol,Norte,São Paulo,SP
Jardim Recanto Verde,Norte,São Paulo,SP
Jardim Record,Leste,São Paulo,SP
Jardim Recreio,Norte,São Paulo,SP
Jardim Redenção,Norte,São Paulo,SP
Jardim Redil,Sul,São Paulo,SP
Jardim Regina,Leste,São Paulo,SP
Jardim Regis,Norte,São Paulo,SP
Jardim Reimberg,Sul,São Paulo,SP
Jardim Remo,Oeste,São Paulo,SP
Jardim República,Norte,São Paulo,SP
Jardim Represa,Sul,São Paulo,SP
Jardim Represa (Parelheiros),Sul,São Paulo,SP
Jardim Ricardo,Norte,São Paulo,SP
Jardim Rincão,Leste,São Paulo,SP
Jardim Rio Bonito,Leste,São Paulo,SP
Jardim Rio Douro,Sul,São Paulo,SP
Jardim Rio Pequeno,Oeste,São Paulo,SP
Jardim Riviera,Sul,São Paulo,SP
Jardim Rizzo,Norte,São Paulo,SP
Jardim Robru,Leste,São Paulo,SP
Jardim Rodolfo Pirani,Norte,São Paulo,SP
Jardim Romano,Leste,São Paulo,SP
Jardim Roni,Norte,São Paulo,SP
Jardim Rosa Maria,Norte,São Paulo,SP
Jardim Rosana,Norte,São Paulo,SP
Jardim Roschel,Norte,São Paulo,SP
Jardim Roseli,Norte,São Paulo,SP
Jardim Rosina,Norte,São Paulo,SP
Jardim Rosinha,Norte,São Paulo,SP
Jardim Rossin,Norte,São Paulo,SP
Jardim Rubilene,Sul,São Paulo,SP
Jardim Rubio,Sul,São Paulo,SP
Jardim Russo,Norte,São Paulo,SP
Jardim Ruth,Norte,São Paulo,SP
Jardim S Kemel,Oeste,São Paulo,SP
Jardim Sônia (Zona Sul),Sul,São Paulo,SP
Jardim Sônia Inga,Norte,São Paulo,SP
Jardim Sônia Regina,Norte,São Paulo,SP
Jardim São Benedito,Norte,São Paulo,SP
Jardim São Bento,Norte,São Paulo,SP
Jardim São Bento Novo,Norte,São Paulo,SP
Jardim São Bernardo,Sul,São Paulo,SP
Jardim São Carlos (Zona Leste),Leste,São Paulo,SP
Jardim São Carlos (Zona Sul),Sul,São Paulo,SP
Jardim São Cristóvão,Norte,São Paulo,SP
Jardim São Francisco,Norte,São Paulo,SP
Jardim São Francisco (Zona Leste),Leste,São Paulo,SP
Jardim São Francisco de Assis,Sul,São Paulo,SP
Jardim São Francisco de Assis (Parelheiros),Sul,São Paulo,SP
Jardim São Francisco (Zona Sul),Sul,São Paulo,SP
Jardim São Gabriel,Norte,São Paulo,SP
Jardim São Gilberto,Norte,São Paulo,SP
Jardim São Gonçalo,Norte,São Paulo,SP
Jardim São Januário,Norte,São Paulo,SP
Jardim São João,Norte,São Paulo,SP
Jardim São João (Guaianazes),Leste,São Paulo,SP
Jardim São João (Jaguará),Oeste,São Paulo,SP
Jardim São João (São Rafael),Leste,São Paulo,SP
Jardim São João (Zona Leste),Leste,São Paulo,SP
Jardim São João (Zona Norte),Norte,São Paulo,SP
Jardim São Joaquim,Sul,São Paulo,SP
Jardim São Jorge,Norte,São Paulo,SP
Jardim São Jorge (Raposo Tavares),Oeste,São Paulo,SP
Jardim São José,Norte,São Paulo,SP
Jardim São José (Artur Alvim),Leste,São Paulo,SP
Jardim São José (São Mateus),Leste,São Paulo,SP
Jardim São José (Zona Norte),Norte,São Paulo,SP
Jardim São Judas Tadeu,Sul,São Paulo,SP
Jardim São Luís,Sul,São Paulo,SP
Jardim São Luís (Zona Leste),Leste,São Paulo,SP
Jardim São Luís (Zona Norte),Norte,São Paulo,SP
Jardim São Manoel,Norte,São Paulo,SP
Jardim São Martinho,Norte,São Paulo,SP
Jardim São Mateus,Leste,São Paulo,SP
Jardim São Miguel,Leste,São Paulo,SP
Jardim São Nicolau,Norte,São Paulo,SP
Jardim São Paulo (Zona Leste),Leste,São Paulo,SP
Jardim São Paulo (Zona Norte),Norte,São Paulo,SP
Jardim São Pedro,Norte,São Paulo,SP
Jardim São Pedro (Zona Sul),Sul,São Paulo,SP
Jardim São Rafael,Leste,São Paulo,SP
Jardim São Remo,Oeste,São Paulo,SP
Jardim São Ricardo,Norte,São Paulo,SP
Jardim São Roberto,Norte,São Paulo,SP
Jardim São Roque,Norte,São Paulo,SP
Jardim São Savério,Norte,São Paulo,SP
Jardim São Sebastião,Norte,São Paulo,SP
Jardim São Silvestre,Norte,São Paulo,SP
Jardim São Vicente,Norte,São Paulo,SP
Jardim São Vitor,Norte,São Paulo,SP
Jardim Sabarú,Norte,São Paulo,SP
Jardim Sabiá,Sul,São Paulo,SP
Jardim Sabiá II,Sul,São Paulo,SP
Jardim Sagrado Coração,Norte,São Paulo,SP
Jardim Sílvia (Zona Leste),Leste,São Paulo,SP
Jardim Sílvia (Zona Oeste),Oeste,São Paulo,SP
Jardim Samambaia,Norte,São Paulo,SP
Jardim Samara,Norte,São Paulo,SP
Jardim Sandra,Norte,São Paulo,SP
Jardim Sandra Maria,Norte,São Paulo,SP
Jardim Santa Adélia,Leste,São Paulo,SP
Jardim Santa Bárbara,Leste,São Paulo,SP
Jardim Santa Cruz (Campo Grande),Sul,São Paulo,SP
Jardim Santa Cruz (Sacomã),Sul,São Paulo,SP
Jardim Santa Cruz (Zona Norte),Norte,São Paulo,SP
Jardim Santa Edwiges (Capela do Socorro),Sul,São Paulo,SP
Jardim Santa Edwiges (Grajaú),Sul,São Paulo,SP
Jardim Santa Efigênia,Norte,São Paulo,SP
Jardim Santa Emília,Sul,São Paulo,SP
Jardim Santa Etelvina,Leste,São Paulo,SP
Jardim Santa Fé (Zona Oeste),Oeste,São Paulo,SP
Jardim Santa Fé (Zona Sul),Sul,São Paulo,SP
Jardim Santa Francisca Cabrini,Sul,São Paulo,SP
Jardim Santa Gertrudes,Leste,São Paulo,SP
Jardim Santa Helena,Norte,São Paulo,SP
Jardim Santa Inês,Leste,São Paulo,SP
Jardim Santa Josefina,Norte,São Paulo,SP
Jardim Santa Lucrécia,Norte,São Paulo,SP
Jardim Santa Mônica,Norte,São Paulo,SP
Jardim Santa Margarida,Norte,São Paulo,SP
Jardim Santa Maria,Norte,São Paulo,SP
Jardim Santa Rita,Norte,São Paulo,SP
Jardim Santa Tereza,Norte,São Paulo,SP
Jardim Santa Terezinha (Parelheiros),Sul,São Paulo,SP
Jardim Santa Terezinha (Pedreira),Sul,São Paulo,SP
Jardim Santa Terezinha (Zona Leste),Leste,São Paulo,SP
Jardim Santa Zélia,Norte,São Paulo,SP
Jardim Santana,Norte,São Paulo,SP
Jardim Santo Alberto,Norte,São Paulo,SP
Jardim Santo Amaro,Sul,São Paulo,SP
Jardim Santo André,Leste,São Paulo,SP
Jardim Santo Antônio,Sul,São Paulo,SP
Jardim Santo Antoninho,Norte,São Paulo,SP
Jardim Santo Elias,Leste,São Paulo,SP
Jardim Santo Elias (São Miguel),Leste,São Paulo,SP
Jardim Santo Onofre,Norte,São Paulo,SP
Jardim Santos Dumont,Norte,São Paulo,SP
Jardim Sapopemba,Leste,São Paulo,SP
Jardim Sarah,Norte,São Paulo,SP
Jardim Satélite,Norte,São Paulo,SP
Jardim Seckler,Norte,São Paulo,SP
Jardim Selma,Norte,São Paulo,SP
Jardim Senice,Norte,São Paulo,SP
Jardim Sertãozinho,Norte,São Paulo,SP
Jardim Shangrillá (Zona Norte),Norte,São Paulo,SP
Jardim Shangrillá (Zona Sul),Sul,São Paulo,SP
Jardim Silva Teles,Leste,São Paulo,SP
Jardim Silveira,Norte,São Paulo,SP
Jardim Sipramar,Norte,São Paulo,SP
Jardim Soares,Norte,São Paulo,SP
Jardim Solange,Sul,São Paulo,SP
Jardim Somara,Norte,São Paulo,SP
Jardim Soraia,Norte,São Paulo,SP
Jardim Souza,Sul,São Paulo,SP
Jardim Sul São Paulo,Sul,São Paulo,SP
Jardim Suzana,Sul,São Paulo,SP
Jardim Sydney,Sul,São Paulo,SP
Jardim Taboão,Sul,São Paulo,SP
Jardim Taipas,Norte,São Paulo,SP
Jardim Tamoio,Norte,São Paulo,SP
Jardim Tanay,Norte,São Paulo,SP
Jardim Tango,Sul,São Paulo,SP
Jardim Tapera,Sul,São Paulo,SP
Jardim Taquaral,Norte,São Paulo,SP
Jardim Tenani,Norte,São Paulo,SP
Jardim Teresa,Leste,São Paulo,SP
Jardim Textil,Norte,São Paulo,SP
Jardim Thealia,Norte,São Paulo,SP
Jardim Thomaz,Norte,São Paulo,SP
Jardim Tietê,Norte,São Paulo,SP
Jardim Tiro ao Pombo,Oeste,São Paulo,SP
Jardim Toca,Sul,São Paulo,SP
Jardim Três Corações,Sul,São Paulo,SP
Jardim Três Marias,Norte,São Paulo,SP
Jardim Tremembé,Norte,São Paulo,SP
Jardim Triana,Norte,São Paulo,SP
Jardim Tropical,Norte,São Paulo,SP
Jardim Trussardi,Sul,São Paulo,SP
Jardim Tuã,Norte,São Paulo,SP
Jardim Tupã,Norte,São Paulo,SP
Jardim Tupi,Norte,São Paulo,SP
Jardim Turquesa,Sul,São Paulo,SP
Jardim Uberaba,Leste,São Paulo,SP
Jardim Ubirajara (Zona Leste),Leste,São Paulo,SP
Jardim Ubirajara (Zona Sul),Sul,São Paulo,SP
Jardim Uirapuru,Norte,São Paulo,SP
Jardim Umarizal,Norte,São Paulo,SP
Jardim Umuarama,Norte,São Paulo,SP
Jardim União,Norte,São Paulo,SP
Jardim Uniserve,Norte,São Paulo,SP
Jardim Universidade Pinheiros,Oeste,São Paulo,SP
Jardim Vale das Virtudes,Oeste,São Paulo,SP
Jardim Vale do Sol,Norte,São Paulo,SP
Jardim Valparaiso,Sul,São Paulo,SP
Jardim Valquiria,Norte,São Paulo,SP
Jardim Varginha,Sul,São Paulo,SP
Jardim Vaz de Lima,Sul,São Paulo,SP
Jardim Vazani,Sul,São Paulo,SP
Jardim Vera Cruz,Norte,São Paulo,SP
Jardim Vera Cruz (Parelheiros),Sul,São Paulo,SP
Jardim Vera Cruz (Zona Leste),Leste,São Paulo,SP
Jardim Vera Cruz (Zona Sul),Sul,São Paulo,SP
Jardim Verônia,Norte,São Paulo,SP
Jardim Vergueiro,Sul,São Paulo,SP
Jardim Vergueiro (Sacomã),Sul,São Paulo,SP
Jardim Vieira,Norte,São Paulo,SP
Jardim Vila Carrão,Leste,São Paulo,SP
Jardim Vila Formosa,Leste,São Paulo,SP
Jardim Vila Mariana,Sul,São Paulo,SP
Jardim Vila Rica,Norte,São Paulo,SP
Jardim Vilas Boas,Sul,São Paulo,SP
Jardim Vilma,Norte,São Paulo,SP
Jardim Virginia,Norte,São Paulo,SP
Jardim Virginia Bianca,Norte,São Paulo,SP
Jardim Vista Alegre,Norte,São Paulo,SP
Jardim Vista Linda,Norte,São Paulo,SP
Jardim Vitória,Norte,São Paulo,SP
Jardim Vitória Régia,Leste,São Paulo,SP
Jardim Vitória Régia (Zona Norte),Norte,São Paulo,SP
Jardim Vivan,Norte,São Paulo,SP
Jardim Wanda,Norte,São Paulo,SP
Jardim Wilma Flor,Norte,São Paulo,SP
Jardim Yara,Norte,São Paulo,SP
Jardim Ymay,Norte,São Paulo,SP
Jardim Zaira,Sul,São Paulo,SP
Jardim Zilda,Sul,São Paulo,SP
Jardins Recanto das Rosas,Norte,São Paulo,SP
Jordanópolis,Norte,São Paulo,SP
José Bonifácio,Leste,São Paulo,SP
Jurubatuba,Sul,São Paulo,SP
Lajeado,Leste,São Paulo,SP
Lapa,Oeste,São Paulo,SP
Lapa de Baixo,Oeste,São Paulo,SP
Lar São Paulo,Norte,São Paulo,SP
Lauzane Paulista,Norte,São Paulo,SP
Liberdade,Centro,São Paulo,SP
Limão,Norte,São Paulo,SP
Limoeiro,Norte,São Paulo,SP
Loteamento City Jaguará,Oeste,São Paulo,SP
Loteamento Reserva Raposo,Oeste,São Paulo,SP
Luz,Centro,São Paulo,SP
Mandaqui,Norte,São Paulo,SP
Maranhão,Norte,São Paulo,SP
Mata Fria,Norte,São Paulo,SP
Miami Paulista,Sul,São Paulo,SP
Mirandópolis,Sul,São Paulo,SP
Moema,Sul,São Paulo,SP
Moinho Velho,Sul,São Paulo,SP
Mooca,Leste,São Paulo,SP
Morada do Sol,Norte,São Paulo,SP
Morro do Índio,Sul,São Paulo,SP
Morro dos Ingleses,Sul,São Paulo,SP
Morro Grande,Norte,São Paulo,SP
Morumbi,Oeste,São Paulo,SP
Núcleo do Engordador,Norte,São Paulo,SP
Núcleo Lageado,Leste,São Paulo,SP
Nossa Senhora do Ó,Norte,São Paulo,SP
Nova Piraju,Sul,São Paulo,SP
Pacaembu,Oeste,São Paulo,SP
Paineiras do Morumbi,Oeste,São Paulo,SP
Palanque,Sul,São Paulo,SP
Paraíso,Sul,São Paulo,SP
Paraíso do Morumbi,Oeste,São Paulo,SP
Parada,Leste,São Paulo,SP
Parada Inglesa,Norte,São Paulo,SP
Parada XV de Novembro,Leste,São Paulo,SP
Paraisópolis,Sul,São Paulo,SP
Parelheiros,Sul,São Paulo,SP
Pari,Centro,São Paulo,SP
Parque Alto do Rio Bonito,Sul,São Paulo,SP
Parque Alves de Lima,Norte,São Paulo,SP
Parque Amélia,Sul,São Paulo,SP
Parque América,Norte,São Paulo,SP
Parque Amazonas,Norte,São Paulo,SP
Parque Anhanguera,Norte,São Paulo,SP
Parque Anhanguera (São Domingos),Norte,São Paulo,SP
Parque Arariba,Oeste,São Paulo,SP
Parque Artur Alvim,Leste,São Paulo,SP
Parque Atlântico,Leste,São Paulo,SP
Parque Bairro Morumbi,Oeste,São Paulo,SP
Parque Belém,Leste,São Paulo,SP
Parque Boa Esperança,Norte,São Paulo,SP
Parque Bologne,Norte,São Paulo,SP
Parque Boturussu,Leste,São Paulo,SP
Parque Brasil,Norte,São Paulo,SP
Parque Bristol,Sul,São Paulo,SP
Parque Casa de Pedra,Norte,São Paulo,SP
Parque Císper,Leste,São Paulo,SP
Parque Central,Norte,São Paulo,SP
Parque Cocaia,Sul,São Paulo,SP
Parque Colonial,Norte,São Paulo,SP
Parque Continental,Norte,São Paulo,SP
Parque Cristina,Norte,São Paulo,SP
Parque Cruzeiro do Sul,Sul,São Paulo,SP
Parque Cruzeiro do Sul (Vila Formosa),Leste,São Paulo,SP
Parque da Lapa,Oeste,São Paulo,SP
Parque da Mooca,Leste,São Paulo,SP
Parque da Vila Prudente,Leste,São Paulo,SP
Parque das Árvores,Sul,São Paulo,SP
Parque das Cerejeiras,Norte,São Paulo,SP
Parque das Flores,Norte,São Paulo,SP
Parque das Paineiras,Norte,São Paulo,SP
Parque Deizy,Norte,São Paulo,SP
Parque do Castelo,Sul,São Paulo,SP
Parque do Lago,Norte,São Paulo,SP
Parque do Morumbi,Oeste,São Paulo,SP
Parque do Otero,Sul,São Paulo,SP
Parque do Terceiro Lago,Sul,São Paulo,SP
Parque Dom João Neri,Norte,São Paulo,SP
Parque Doroteia,Norte,São Paulo,SP
Parque dos Bancários,Norte,São Paulo,SP
Parque dos Príncipes,Oeste,São Paulo,SP
Parque Edu Chaves,Norte,São Paulo,SP
Parque Esmeralda,Sul,São Paulo,SP
Parque Esperança,Norte,São Paulo,SP
Parque Fernanda,Norte,São Paulo,SP
Parque Flamengo,Sul,São Paulo,SP
Parque Florestal,Norte,São Paulo,SP
Parque Fongaro,Sul,São Paulo,SP
Parque Grajaú,Sul,São Paulo,SP
Parque Guaianazes,Leste,São Paulo,SP
Parque Guarani,Leste,São Paulo,SP
Parque Imperial,Sul,São Paulo,SP
Parque Independência,Sul,São Paulo,SP
Parque Industrial,Norte,São Paulo,SP
Parque Industrial Tomas Edson,Sul,São Paulo,SP
Parque Ipê,Sul,São Paulo,SP
Parque Itaberaba,Norte,São Paulo,SP
Parque Jabaquara,Sul,São Paulo,SP
Parque Lagoa Rica,Sul,São Paulo,SP
Parque Ligia,Norte,São Paulo,SP
Parque Luis Mucciolo,Sul,São Paulo,SP
Parque Malagoli,Norte,São Paulo,SP
Parque Mandaqui,Norte,São Paulo,SP
Parque Mandi,Leste,São Paulo,SP
Parque Maria Alice,Norte,São Paulo,SP
Parque Maria Domitila,Sul,São Paulo,SP
Parque Maria Fernandes,Norte,São Paulo,SP
Parque Maria Helena,Norte,São Paulo,SP
Parque Maria Luiza,Norte,São Paulo,SP
Parque Monteiro Soares,Oeste,São Paulo,SP
Parque Munhoz,Sul,São Paulo,SP
Parque Nações Unidas,Sul,São Paulo,SP
Parque Novo Grajaú,Sul,São Paulo,SP
Parque Novo Lar,Norte,São Paulo,SP
Parque Novo Mundo,Norte,São Paulo,SP
Parque Novo Santo Amaro,Sul,São Paulo,SP
Parque Paineiras,Norte,São Paulo,SP
Parque Palmas do Tremembé,Norte,São Paulo,SP
Parque Panamericano,Norte,São Paulo,SP
Parque Paulistano,Norte,São Paulo,SP
Parque Penha,Leste,São Paulo,SP
Parque Pereira,Norte,São Paulo,SP
Parque Peruche,Norte,São Paulo,SP
Parque Planalto,Norte,São Paulo,SP
Parque Primavera,Norte,São Paulo,SP
Parque Ramos Freitas,Norte,São Paulo,SP
Parque Rebouças,Oeste,São Paulo,SP
Parque Recreio,Norte,São Paulo,SP
Parque Regina,Norte,São Paulo,SP
Parque Residencial Cocaia,Sul,São Paulo,SP
Parque Residencial da Lapa,Oeste,São Paulo,SP
Parque Residencial D'Abril,Oeste,São Paulo,SP
Parque Residencial dos Lagos,Norte,São Paulo,SP
Parque Residencial Julia,Norte,São Paulo,SP
Parque Residencial Oratorio,Leste,São Paulo,SP
Parque Rodrigues Alves,Leste,São Paulo,SP
Parque São Domingos,Norte,São Paulo,SP
Parque São Jorge,Leste,São Paulo,SP
Parque São José,Sul,São Paulo,SP
Parque São Lourenço,Norte,São Paulo,SP
Parque São Luís,Sul,São Paulo,SP
Parque São Lucas,Leste,São Paulo,SP
Parque São Miguel,Leste,São Paulo,SP
Parque São Paulo,Norte,São Paulo,SP
Parque São Rafael,Leste,São Paulo,SP
Parque Santa Amélia,Norte,São Paulo,SP
Parque Santa Bárbara,Leste,São Paulo,SP
Parque Santa Cecília,Norte,São Paulo,SP
Parque Santa Cecília (Grajaú),Sul,São Paulo,SP
Parque Santa Madalena,Leste,São Paulo,SP
Parque Santa Rita,Norte,São Paulo,SP
Parque Santana,Norte,São Paulo,SP
Parque Santo Amaro,Sul,São Paulo,SP
Parque Santo Antônio,Sul,São Paulo,SP
Parque Santo Antônio (Aricanduva),Leste,São Paulo,SP
Parque Santo Eduardo,Norte,São Paulo,SP
Parque Savoy City,Leste,São Paulo,SP
Parque Sevilha,Sul,São Paulo,SP
Parque Sonia,Norte,São Paulo,SP
Parque Taipas,Norte,São Paulo,SP
Parque Taipas - Parque das Flores,Norte,São Paulo,SP
Parque Tamari,Norte,São Paulo,SP
Parque Tietê,Norte,São Paulo,SP
Parque Tomas Saraiva,Leste,São Paulo,SP
Parque Universitário Espírita,Oeste,São Paulo,SP
Parque Veloso,Sul,São Paulo,SP
Parque Vila Maria,Norte,São Paulo,SP
Parque Vitória,Norte,São Paulo,SP
Parque Vitória do Sol Nascente,Norte,São Paulo,SP
Pedreira,Sul,São Paulo,SP
Penha de França,Leste,São Paulo,SP
Perdizes,Oeste,São Paulo,SP
Perus,Norte,São Paulo,SP
Pinheiros,Oeste,São Paulo,SP
Piqueri,Norte,São Paulo,SP
Pirajussara,Oeste,São Paulo,SP
Pirituba,Norte,São Paulo,SP
Planalto Paulista,Sul,São Paulo,SP
Ponte Pequena,Norte,São Paulo,SP
Praia Azul,Sul,São Paulo,SP
Praia da Lagoa,Sul,São Paulo,SP
Praia do Leblon,Sul,São Paulo,SP
Praia Paulistinha,Sul,São Paulo,SP
Praias Paulistanas,Sul,São Paulo,SP
Promorar Vila Maria,Norte,São Paulo,SP
Protendit,Leste,São Paulo,SP
Quarta Parada,Leste,São Paulo,SP
Quilômetro Vinte e Oito,Sul,São Paulo,SP
Quinta da Paineira,Norte,São Paulo,SP
Raposo Tavares,Oeste,São Paulo,SP
Real Parque,Oeste,São Paulo,SP
Recanto Alegre,Norte,São Paulo,SP
Recanto Ana Maria,Norte,São Paulo,SP
Recanto Campo Belo,Sul,São Paulo,SP
Recanto das Andorinhas,Norte,São Paulo,SP
Recanto dos Humildes,Norte,São Paulo,SP
Recanto dos Sonhos,Sul,São Paulo,SP
Recanto Marisa,Norte,São Paulo,SP
Recanto Monte Alegre,Norte,São Paulo,SP
Recanto Paraíso,Norte,São Paulo,SP
Recanto Santo Antônio,Norte,São Paulo,SP
Recanto Verde do Sol,Norte,São Paulo,SP
República,Centro,São Paulo,SP
Residencial Sol Nascente,Norte,São Paulo,SP
Residencial Taipas,Norte,São Paulo,SP
Residencial Vilela,Norte,São Paulo,SP
Retiro Morumbi,Oeste,São Paulo,SP
Rio Bonito,Leste,São Paulo,SP
Rio Pequeno,Oeste,São Paulo,SP
Riviera Paulista,Sul,São Paulo,SP
Rolinópolis,Norte,São Paulo,SP
São João Clímaco,Sul,São Paulo,SP
São Judas,Sul,São Paulo,SP
São Mateus,Leste,São Paulo,SP
São Miguel Paulista,Leste,São Paulo,SP
São Salvador,Sul,São Paulo,SP
Sé,Centro,São Paulo,SP
Saúde,Sul,São Paulo,SP
Sacomã,Sul,São Paulo,SP
Santa Amélia,Sul,São Paulo,SP
Santa Cecília,Centro,São Paulo,SP
Santa Efigênia,Centro,São Paulo,SP
Santa Etelvina,Leste,São Paulo,SP
Santa Teresinha,Norte,São Paulo,SP
Santana,Norte,São Paulo,SP
Santo Amaro,Sul,São Paulo,SP
Sapopemba,Leste,São Paulo,SP
Sítio Areião,Sul,São Paulo,SP
Sítio Barrocada,Sul,São Paulo,SP
Sítio Botuquara,Norte,São Paulo,SP
Sítio Canela Branca,Norte,São Paulo,SP
Sítio Caraguata,Norte,São Paulo,SP
Sítio da Barra,Sul,São Paulo,SP
Sítio da Figueira,Norte,São Paulo,SP
Sítio do Mandaqui,Norte,São Paulo,SP
Sítio do Morro,Sul,São Paulo,SP
Sítio do Piqueri,Norte,São Paulo,SP
Sítio Itaberaba I,Norte,São Paulo,SP
Sítio Itaberaba II,Norte,São Paulo,SP
Sítio Morro Grande,Norte,São Paulo,SP
Sítio Pinheirinho,Sul,São Paulo,SP
Sítio Represa,Sul,São Paulo,SP
Sete Praias,Sul,São Paulo,SP
Siciliano,Norte,São Paulo,SP
Socorro,Sul,São Paulo,SP
Sol Nascente,Norte,São Paulo,SP
Sumaré,Oeste,São Paulo,SP
Sumarezinho,Oeste,São Paulo,SP
Super Quadra Morumbi,Oeste,São Paulo,SP
Tatuapé,Leste,São Paulo,SP
Terceira Divisão,Sul,São Paulo,SP
Terceira Divisão de Interlagos,Sul,São Paulo,SP
Três Cruzes,Sul,São Paulo,SP
Tremembé,Norte,São Paulo,SP
Tucuruvi,Norte,São Paulo,SP
Umarizal,Norte,São Paulo,SP
União de Vila Nova,Norte,São Paulo,SP
Usina Piratininga,Sul,São Paulo,SP
Várzea da Barra Funda,Oeste,São Paulo,SP
Várzea de Baixo,Sul,São Paulo,SP
Valo Velho,Sul,São Paulo,SP
Veleiros,Sul,São Paulo,SP
Vila Água Funda,Sul,São Paulo,SP
Vila ABC,Sul,São Paulo,SP
Vila Acre,Norte,São Paulo,SP
Vila Adalgisa,Sul,São Paulo,SP
Vila Aimoré,Leste,São Paulo,SP
Vila Alabama,Leste,São Paulo,SP
Vila Alba,Norte,São Paulo,SP
Vila Albano,Norte,São Paulo,SP
Vila Albertina,Norte,São Paulo,SP
Vila Alexandria,Sul,São Paulo,SP
Vila Almeida,Norte,São Paulo,SP
Vila Alpina,Leste,São Paulo,SP
Vila Alzira,Norte,São Paulo,SP
Vila Amália (Zona Leste),Leste,São Paulo,SP
Vila Amália (Zona Norte),Norte,São Paulo,SP
Vila Amélia,Norte,São Paulo,SP
Vila América,Norte,São Paulo,SP
Vila Americana,Oeste,São Paulo,SP
Vila Ana Rosa,Sul,São Paulo,SP
Vila Anadir,Leste,São Paulo,SP
Vila Analia,Leste,São Paulo,SP
Vila Anastácio,Oeste,São Paulo,SP
Vila Andes,Norte,São Paulo,SP
Vila Andrade,Sul,São Paulo,SP
Vila Anglo Brasileira,Norte,São Paulo,SP
Vila Anhanguera,Norte,São Paulo,SP
Vila Antônio,Sul,São Paulo,SP
Vila Antônio dos Santos,Norte,São Paulo,SP
Vila Antonieta,Sul,São Paulo,SP
Vila Antonina,Norte,São Paulo,SP
Vila Aparecida,Norte,São Paulo,SP
Vila Araguaia,Oeste,São Paulo,SP
Vila Arapuã,Leste,São Paulo,SP
Vila Arcádia,Leste,São Paulo,SP
Vila Arco Íris,Norte,São Paulo,SP
Vila Aricanduva,Leste,São Paulo,SP
Vila Arriete,Norte,São Paulo,SP
Vila Arruda,Norte,São Paulo,SP
Vila Aurea,Sul,São Paulo,SP
Vila Aurora,Norte,São Paulo,SP
Vila Aurora (Zona Norte),Norte,São Paulo,SP
Vila Ayrosa,Norte,São Paulo,SP
Vila Azevedo,Norte,São Paulo,SP
Vila Babilônia,Oeste,São Paulo,SP
Vila Baby,Norte,São Paulo,SP
Vila Bancária,Norte,São Paulo,SP
Vila Bancária Munhoz,Norte,São Paulo,SP
Vila Bandeirantes,Sul,São Paulo,SP
Vila Barbosa,Norte,São Paulo,SP
Vila Barreto,Norte,São Paulo,SP
Vila Baruel,Norte,São Paulo,SP
Vila Basileia,Norte,São Paulo,SP
Vila Bauab,Norte,São Paulo,SP
Vila Beatriz,Oeste,São Paulo,SP
Vila Bela,Norte,São Paulo,SP
Vila Bela Aliança,Norte,São Paulo,SP
Vila Bela do Sapopemba,Leste,São Paulo,SP
Vila Bela Vista (Zona Norte),Norte,São Paulo,SP
Vila Bela Vista (Zona Sul),Sul,São Paulo,SP
Vila Belo Horizonte,Leste,São Paulo,SP
Vila Bertioga,Leste,São Paulo,SP
Vila Bianca,Norte,São Paulo,SP
Vila Boaçava,Oeste,São Paulo,SP
Vila Bom Jardim,Norte,São Paulo,SP
Vila Bonilha,Norte,São Paulo,SP
Vila Bonilha Nova,Norte,São Paulo,SP
Vila Borges,Norte,São Paulo,SP
Vila Bozzini,Norte,São Paulo,SP
Vila Brasília (Zona Sul),Sul,São Paulo,SP
Vila Brasílio Machado,Norte,São Paulo,SP
Vila Brasil,Norte,São Paulo,SP
Vila Brasilândia,Norte,São Paulo,SP
Vila Brasilina,Leste,São Paulo,SP
Vila Bruna,Norte,São Paulo,SP
Vila Buarque,Centro,São Paulo,SP
Vila Buenos Aires,Norte,São Paulo,SP
Vila Butantã,Oeste,São Paulo,SP
Vila Cachoeira,Norte,São Paulo,SP
Vila Caiçara,Norte,São Paulo,SP
Vila Caíuba,Norte,São Paulo,SP
Vila Caju,Norte,São Paulo,SP
Vila Califórnia,Leste,São Paulo,SP
Vila Califórnia (Zona Sul),Sul,São Paulo,SP
Vila Calu,Norte,São Paulo,SP
Vila Campanela,Norte,São Paulo,SP
Vila Campestre,Sul,São Paulo,SP
Vila Campo Grande,Sul,São Paulo,SP
Vila Canero,Norte,São Paulo,SP
Vila Capela,Norte,São Paulo,SP
Vila Caraguatá,Norte,São Paulo,SP
Vila Carbone,Norte,São Paulo,SP
Vila Cardoso Franco,Leste,São Paulo,SP
Vila Carioca,Sul,São Paulo,SP
Vila Carlos de Campos,Leste,São Paulo,SP
Vila Carmem,Norte,São Paulo,SP
Vila Carmosina,Leste,São Paulo,SP
Vila Carolina,Norte,São Paulo,SP
Vila Carrão,Leste,São Paulo,SP
Vila Castelo,Norte,São Paulo,SP
Vila Catupia,Norte,São Paulo,SP
Vila Cavaton,Norte,São Paulo,SP
Vila Caxambu,Norte,São Paulo,SP
Vila Celeste,Norte,São Paulo,SP
Vila Centenário,Sul,São Paulo,SP
Vila Central,Norte,São Paulo,SP
Vila Chabilândia,Norte,São Paulo,SP
Vila Charlote,Norte,São Paulo,SP
Vila Chavantes,Sul,São Paulo,SP
Vila Chica Luisa,Norte,São Paulo,SP
Vila Chuca,Norte,São Paulo,SP
Vila Cisper,Leste,São Paulo,SP
Vila Cláudia,Norte,São Paulo,SP
Vila Clélia,Oeste,São Paulo,SP
Vila Clara,Norte,São Paulo,SP
Vila Clarice,Norte,São Paulo,SP
Vila Clementino,Sul,São Paulo,SP
Vila Cleonice,Norte,São Paulo,SP
Vila Comercial,Norte,São Paulo,SP
Vila Conceição,Sul,São Paulo,SP
Vila Conde do Pinhal,Norte,São Paulo,SP
Vila Congonhas,Sul,São Paulo,SP
Vila Constança,Norte,São Paulo,SP
Vila Continental,Norte,São Paulo,SP
Vila Corberi,Norte,São Paulo,SP
Vila Cordeiro,Sul,São Paulo,SP
Vila Cosmopolita,Norte,São Paulo,SP
Vila Costa Melo,Leste,São Paulo,SP
Vila Cristália,Leste,São Paulo,SP
Vila Cruz das Almas,Norte,São Paulo,SP
Vila Cruzeiro,Sul,São Paulo,SP
Vila Cunha Bueno,Sul,São Paulo,SP
Vila Curuçá,Leste,São Paulo,SP
Vila da Paz,Sul,São Paulo,SP
Vila da Saúde,Sul,São Paulo,SP
Vila Dalila,Leste,São Paulo,SP
Vila Dalva,Oeste,São Paulo,SP
Vila Damaceno,Norte,São Paulo,SP
Vila Danubio Azul,Norte,São Paulo,SP
Vila Darli,Norte,São Paulo,SP
Vila das Belezas,Sul,São Paulo,SP
Vila das Mercês,Sul,São Paulo,SP
Vila Deodoro,Norte,São Paulo,SP
Vila Dinorah,Norte,São Paulo,SP
Vila Dionisia,Norte,São Paulo,SP
Vila Diva (Zona Leste),Leste,São Paulo,SP
Vila Diva (Zona Norte),Norte,São Paulo,SP
Vila Divina Pastora,Norte,São Paulo,SP
Vila do Bosque,Norte,São Paulo,SP
Vila do Castelo,Norte,São Paulo,SP
Vila do Encontro,Sul,São Paulo,SP
Vila do Sol,Norte,São Paulo,SP
Vila Dom Pedro I,Leste,São Paulo,SP
Vila Dom Pedro II,Leste,São Paulo,SP
Vila Domitila,Sul,São Paulo,SP
Vila Dona Augusta,Norte,São Paulo,SP
Vila Dona Meta,Norte,São Paulo,SP
Vila Dona Sara,Norte,São Paulo,SP
Vila Dorna,Norte,São Paulo,SP
Vila dos Andradas,Norte,São Paulo,SP
Vila dos Andrades,Norte,São Paulo,SP
Vila dos Minérios,Norte,São Paulo,SP
Vila dos Palmares,Norte,São Paulo,SP
Vila dos Remédios,Oeste,São Paulo,SP
Vila Doutor Eiras,Sul,São Paulo,SP
Vila Duarte,Norte,São Paulo,SP
Vila Ede,Norte,São Paulo,SP
Vila Elias Nigri,Leste,São Paulo,SP
Vila Elida,Norte,São Paulo,SP
Vila Elisio,Norte,São Paulo,SP
Vila Elvira,Norte,São Paulo,SP
Vila Elze,Norte,São Paulo,SP
Vila Ema,Leste,São Paulo,SP
Vila Emir,Norte,São Paulo,SP
Vila Erna,Norte,São Paulo,SP
Vila Ernesto,Norte,São Paulo,SP
Vila Escolar,Norte,São Paulo,SP
Vila Espanhola,Sul,São Paulo,SP
Vila Esperança,Leste,São Paulo,SP
Vila Ester,Oeste,São Paulo,SP
Vila Ester (Zona Norte),Norte,São Paulo,SP
Vila Euthalia,Norte,São Paulo,SP
Vila Fátima,Norte,São Paulo,SP
Vila Fachini,Norte,São Paulo,SP
Vila Fanton,Norte,São Paulo,SP
Vila Fazzeoni,Norte,São Paulo,SP
Vila Feliz,Norte,São Paulo,SP
Vila Fernandes,Norte,São Paulo,SP
Vila Fiat Lux,Norte,São Paulo,SP
Vila Fidalgo,Norte,São Paulo,SP
Vila Fidelis Ribeiro,Leste,São Paulo,SP
Vila Firmiano Pinto,Norte,São Paulo,SP
Vila Formosa,Leste,São Paulo,SP
Vila Franca,Norte,São Paulo,SP
Vila Franci,Norte,São Paulo,SP
Vila Francos,Norte,São Paulo,SP
Vila Friburgo,Norte,São Paulo,SP
Vila Frugoli,Norte,São Paulo,SP
Vila Fukuya,Norte,São Paulo,SP
Vila Gabriel,Norte,São Paulo,SP
Vila Gea,Norte,São Paulo,SP
Vila Genioli,Norte,São Paulo,SP
Vila Germinal,Norte,São Paulo,SP
Vila Gertrudes,Oeste,São Paulo,SP
Vila Gil,Norte,São Paulo,SP
Vila Gilda,Norte,São Paulo,SP
Vila Giordano,Norte,São Paulo,SP
Vila Gomes,Norte,São Paulo,SP
Vila Gomes Cardim,Leste,São Paulo,SP
Vila Gouveia,Norte,São Paulo,SP
Vila Graciosa,Sul,São Paulo,SP
Vila Granada,Leste,São Paulo,SP
Vila Graziela,Norte,São Paulo,SP
Vila Guaca,Norte,São Paulo,SP
Vila Guacuri,Sul,São Paulo,SP
Vila Guaraciaba,Norte,São Paulo,SP
Vila Guarani (Zona Sul),Sul,São Paulo,SP
Vila Guarani (Zona Leste),Leste,São Paulo,SP
Vila Guedes,Norte,São Paulo,SP
Vila Guilherme,Norte,São Paulo,SP
Vila Guilhermina,Leste,São Paulo,SP
Vila Guiomar,Norte,São Paulo,SP
Vila Gumercindo,Sul,São Paulo,SP
Vila Gustavo,Norte,São Paulo,SP
Vila Hamburguesa,Norte,São Paulo,SP
Vila Hebe,Norte,São Paulo,SP
Vila Helena,Norte,São Paulo,SP
Vila Heliópolis,Sul,São Paulo,SP
Vila Hermínia,Norte,São Paulo,SP
Vila Homero,Oeste,São Paulo,SP
Vila Hortência,Norte,São Paulo,SP
Vila Iório,Norte,São Paulo,SP
Vila Icarai,Norte,São Paulo,SP
Vila Ida,Norte,São Paulo,SP
Vila Iguaçu,Norte,São Paulo,SP
Vila Império,Leste,São Paulo,SP
Vila Inácio,Norte,São Paulo,SP
Vila Inah,Norte,São Paulo,SP
Vila Independência,Leste,São Paulo,SP
Vila Independente,Oeste,São Paulo,SP
Vila Indiana,Oeste,São Paulo,SP
Vila Industrial,Norte,São Paulo,SP
Vila Inglesa,Sul,São Paulo,SP
Vila Invernada,Norte,São Paulo,SP
Vila Iolanda II,Leste,São Paulo,SP
Vila Iolanda (Lajeado),Leste,São Paulo,SP
Vila Ipojuca,Oeste,São Paulo,SP
Vila Irmãos Arnoni,Norte,São Paulo,SP
Vila Isa,Norte,São Paulo,SP
Vila Isabel,Norte,São Paulo,SP
Vila Isolina Mazzei,Norte,São Paulo,SP
Vila Itaberaba,Norte,São Paulo,SP
Vila Itaim,Leste,São Paulo,SP
Vila Ivg,Norte,São Paulo,SP
Vila Ivone,Norte,São Paulo,SP
Vila Jacuí,Leste,São Paulo,SP
Vila Jaguara,Oeste,São Paulo,SP
Vila Jaguari,Norte,São Paulo,SP
Vila Jaguará,Oeste,São Paulo,SP
Vila João Batista,Norte,São Paulo,SP
Vila Joaniza,Sul,São Paulo,SP
Vila Julio Cesar,Norte,São Paulo,SP
Vila Jurema,Norte,São Paulo,SP
Vila Jussara,Oeste,São Paulo,SP
Vila Klaunig,Norte,São Paulo,SP
Vila Laís,Norte,São Paulo,SP
Vila Lageado,Leste,São Paulo,SP
Vila Lúcia,Sul,São Paulo,SP
Vila Lúcia Elvira,Norte,São Paulo,SP
Vila Lar Nacional,Norte,São Paulo,SP
Vila Leme,Norte,São Paulo,SP
Vila Leonor,Oeste,São Paulo,SP
Vila Leopoldina,Oeste,São Paulo,SP
Vila Libanesa,Norte,São Paulo,SP
Vila Lisboa,Norte,São Paulo,SP
Vila Liviero,Norte,São Paulo,SP
Vila Londrina,Norte,São Paulo,SP
Vila Lourdes,Norte,São Paulo,SP
Vila Luzimar,Norte,São Paulo,SP
Vila Macedópolis,Norte,São Paulo,SP
Vila Madalena,Oeste,São Paulo,SP
Vila Mafra,Norte,São Paulo,SP
Vila Mangalot,Oeste,São Paulo,SP
Vila Mara,Norte,São Paulo,SP
Vila Maracanã,Norte,São Paulo,SP
Vila Marari,Norte,São Paulo,SP
Vila Marcelo,Norte,São Paulo,SP
Vila Margareth,Norte,São Paulo,SP
Vila Margarida,Sul,São Paulo,SP
Vila Maria,Norte,São Paulo,SP
Vila Maria Alta,Norte,São Paulo,SP
Vila Maria Baixa,Norte,São Paulo,SP
Vila Maria Eugenia,Norte,São Paulo,SP
Vila Maria Luisa,Norte,São Paulo,SP
Vila Maria Trindade,Oeste,São Paulo,SP
Vila Maria Zélia,Norte,São Paulo,SP
Vila Mariana,Sul,São Paulo,SP
Vila Marieta,Norte,São Paulo,SP
Vila Marilena,Norte,São Paulo,SP
Vila Marina,Norte,São Paulo,SP
Vila Mariza Mazzei,Norte,São Paulo,SP
Vila Marte,Norte,São Paulo,SP
Vila Mascote,Sul,São Paulo,SP
Vila Matias,Norte,São Paulo,SP
Vila Matilde,Leste,São Paulo,SP
Vila Mazzei,Norte,São Paulo,SP
Vila Medeiros,Norte,São Paulo,SP
Vila Mendes,Norte,São Paulo,SP
Vila Mercedes,Norte,São Paulo,SP
Vila Mesquita,Norte,São Paulo,SP
Vila Miami,Sul,São Paulo,SP
Vila Michelina,Norte,São Paulo,SP
Vila Minerva,Norte,São Paulo,SP
Vila Mira,Oeste,São Paulo,SP
Vila Mirante,Norte,São Paulo,SP
Vila Miriam,Norte,São Paulo,SP
Vila Missionária,Sul,São Paulo,SP
Vila Moinho Velho,Sul,São Paulo,SP
Vila Monte Alegre,Oeste,São Paulo,SP
Vila Monte Santo,Norte,São Paulo,SP
Vila Monumento,Sul,São Paulo,SP
Vila Moraes,Sul,São Paulo,SP
Vila Moreira,Norte,São Paulo,SP
Vila Morgadouro,Norte,São Paulo,SP
Vila Morse,Norte,São Paulo,SP
Vila Morumbi,Oeste,São Paulo,SP
Vila Nair,Norte,São Paulo,SP
Vila Nancy,Norte,São Paulo,SP
Vila Narciso,Norte,São Paulo,SP
Vila Nascente,Norte,São Paulo,SP
Vila Natália,Oeste,São Paulo,SP
Vila Natal,Norte,São Paulo,SP
Vila Neila,Norte,São Paulo,SP
Vila Nelson,Norte,São Paulo,SP
Vila Nhocune,Leste,São Paulo,SP
Vila Nilo,Norte,São Paulo,SP
Vila Nilva,Norte,São Paulo,SP
Vila Nina,Norte,São Paulo,SP
Vila Nitro Operária,Norte,São Paulo,SP
Vila Nivi,Norte,São Paulo,SP
Vila Noca,Norte,São Paulo,SP
Vila Nogueira,Sul,São Paulo,SP
Vila Norma,Norte,São Paulo,SP
Vila Nossa Senhora Aparecida,Norte,São Paulo,SP
Vila Nossa Senhora do Retiro,Norte,São Paulo,SP
Vila Nova,Norte,São Paulo,SP
Vila Nova Alba,Norte,São Paulo,SP
Vila Nova Cachoeirinha,Norte,São Paulo,SP
Vila Nova Caledônia,Norte,São Paulo,SP
Vila Nova Carolina,Sul,São Paulo,SP
Vila Nova Conceição,Sul,São Paulo,SP
Vila Nova Curuçá,Leste,São Paulo,SP
Vila Nova das Belezas,Sul,São Paulo,SP
Vila Nova Esperança,Sul,São Paulo,SP
Vila Nova Galvão,Norte,São Paulo,SP
Vila Nova Jaguaré,Oeste,São Paulo,SP
Vila Nova Manchester,Norte,São Paulo,SP
Vila Nova Mazzei,Norte,São Paulo,SP
Vila Nova Parada,Leste,São Paulo,SP
Vila Nova Pauliceia,Norte,São Paulo,SP
Vila Nova Pirajussara,Oeste,São Paulo,SP
Vila Nova Savoia,Norte,São Paulo,SP
Vila Nova Teresa,Norte,São Paulo,SP
Vila Nova Utinga,Norte,São Paulo,SP
Vila Nova York,Norte,São Paulo,SP
Vila Odete,Norte,São Paulo,SP
Vila Olímpia,Sul,São Paulo,SP
Vila Olga,Norte,São Paulo,SP
Vila Olga Cecília,Norte,São Paulo,SP
Vila Olinda,Norte,São Paulo,SP
Vila Oratório,Leste,São Paulo,SP
Vila Paiva,Sul,São Paulo,SP
Vila Palmeiras,Norte,São Paulo,SP
Vila Paranaguá,Norte,São Paulo,SP
Vila Parque Jabaquara,Sul,São Paulo,SP
Vila Patrimonial,Norte,São Paulo,SP
Vila Paulicélia,Norte,São Paulo,SP
Vila Paulista,Sul,São Paulo,SP
Vila Paulista I,Sul,São Paulo,SP
Vila Paulista II,Sul,São Paulo,SP
Vila Paulistana,Norte,São Paulo,SP
Vila Paulistania,Norte,São Paulo,SP
Vila Paulo Silas,Norte,São Paulo,SP
Vila Pedra Branca,Norte,São Paulo,SP
Vila Pedrosa,Norte,São Paulo,SP
Vila Pedroso,Norte,São Paulo,SP
Vila Penteado,Norte,São Paulo,SP
Vila Pereira Barreto,Norte,São Paulo,SP
Vila Pereira Cerca,Norte,São Paulo,SP
Vila Perus,Norte,São Paulo,SP
Vila Piauí,Norte,São Paulo,SP
Vila Picinin,Norte,São Paulo,SP
Vila Pierina,Norte,São Paulo,SP
Vila Piracicaba,Norte,São Paulo,SP
Vila Pirajussara,Oeste,São Paulo,SP
Vila Pirituba,Norte,São Paulo,SP
Vila Pita,Norte,São Paulo,SP
Vila Plana,Norte,São Paulo,SP
Vila Polopoli,Norte,São Paulo,SP
Vila Pompéia,Oeste,São Paulo,SP
Vila Ponte Rasa,Leste,São Paulo,SP
Vila Popular,Norte,São Paulo,SP
Vila Portugal,Norte,São Paulo,SP
Vila Portuguesa,Norte,São Paulo,SP
Vila Prado,Oeste,São Paulo,SP
Vila Praia,Sul,São Paulo,SP
Vila Prel,Norte,São Paulo,SP
Vila Primavera,Leste,São Paulo,SP
Vila Princesa Isabel,Norte,São Paulo,SP
Vila Progredior,Oeste,São Paulo,SP
Vila Progresso (Zona Leste),Leste,São Paulo,SP
Vila Progresso (Zona Norte),Norte,São Paulo,SP
Vila Progresso (Zona Sul),Sul,São Paulo,SP
Vila Prudente,Leste,São Paulo,SP
Vila Quintana,Sul,São Paulo,SP
Vila Ré,Leste,São Paulo,SP
Vila Ramos,Norte,São Paulo,SP
Vila Raquel,Oeste,São Paulo,SP
Vila Regente Feijó,Leste,São Paulo,SP
Vila Regina,Norte,São Paulo,SP
Vila Regina (Zona Leste),Leste,São Paulo,SP
Vila Reis,Norte,São Paulo,SP
Vila Renato (Zona Leste),Leste,São Paulo,SP
Vila Renato (Zona Norte),Norte,São Paulo,SP
Vila Represa,Sul,São Paulo,SP
Vila Ribeiro de Barros,Norte,São Paulo,SP
Vila Rica,Norte,São Paulo,SP
Vila Rio Branco,Norte,São Paulo,SP
Vila Robertina,Norte,São Paulo,SP
Vila Romana,Oeste,São Paulo,SP
Vila Romano,Norte,São Paulo,SP
Vila Romero,Norte,São Paulo,SP
Vila Roque,Norte,São Paulo,SP
Vila Rosa,Norte,São Paulo,SP
Vila Rosa Molla,Norte,São Paulo,SP
Vila Rosaria,Norte,São Paulo,SP
Vila Roschel,Norte,São Paulo,SP
Vila Roseira II,Norte,São Paulo,SP
Vila Rosina,Norte,São Paulo,SP
Vila Rubi,Norte,São Paulo,SP
Vila Rui Barbosa,Norte,São Paulo,SP
Vila Sônia,Oeste,São Paulo,SP
Vila São Camilo,Norte,São Paulo,SP
Vila São Domingos,Norte,São Paulo,SP
Vila São Francisco,Norte,São Paulo,SP
Vila São Francisco (Zona Leste),Leste,São Paulo,SP
Vila São Francisco (Zona Sul),Sul,São Paulo,SP
Vila São Geraldo,Norte,São Paulo,SP
Vila São José,Norte,São Paulo,SP
Vila São José (Cidade Dutra),Sul,São Paulo,SP
Vila São José (Guaianazes),Leste,São Paulo,SP
Vila São José (Ipiranga),Sul,São Paulo,SP
Vila São José (Itaim Paulista),Leste,São Paulo,SP
Vila São Judas,Sul,São Paulo,SP
Vila São Luís (Zona Oeste),Oeste,São Paulo,SP
Vila São Nicolau,Norte,São Paulo,SP
Vila São Paulo,Norte,São Paulo,SP
Vila São Pedro,Norte,São Paulo,SP
Vila São Silvestre,Norte,São Paulo,SP
Vila São Silvestre (Zona Leste),Leste,São Paulo,SP
Vila São Vicente,Norte,São Paulo,SP
Vila Sérgio,Norte,São Paulo,SP
Vila Sabrina,Norte,São Paulo,SP
Vila Salete,Norte,São Paulo,SP
Vila Sílvia,Norte,São Paulo,SP
Vila Sampaio,Norte,São Paulo,SP
Vila Santa Catarina,Sul,São Paulo,SP
Vila Santa Clara,Norte,São Paulo,SP
Vila Santa Cruz,Norte,São Paulo,SP
Vila Santa Cruz (Zona Leste),Leste,São Paulo,SP
Vila Santa Delfina,Leste,São Paulo,SP
Vila Santa Edwiges,Norte,São Paulo,SP
Vila Santa Eulalia,Norte,São Paulo,SP
Vila Santa Inês,Norte,São Paulo,SP
Vila Santa Isabel,Norte,São Paulo,SP
Vila Santa Lúcia,Norte,São Paulo,SP
Vila Santa Maria,Norte,São Paulo,SP
Vila Santa Teresa (Zona Leste),Leste,São Paulo,SP
Vila Santa Teresa (Zona Sul),Sul,São Paulo,SP
Vila Santa Teresinha,Norte,São Paulo,SP
Vila Santa Terezinha (Zona Norte),Norte,São Paulo,SP
Vila Santa Virginia,Norte,São Paulo,SP
Vila Santana,Norte,São Paulo,SP
Vila Santista,Norte,São Paulo,SP
Vila Santo Antônio,Norte,São Paulo,SP
Vila Santo Estéfano,Sul,São Paulo,SP
Vila Santo Estevão,Norte,São Paulo,SP
Vila Santo Henrique,Norte,São Paulo,SP
Vila Santos,Norte,São Paulo,SP
Vila Sapopemba,Leste,São Paulo,SP
Vila Seabra,Norte,São Paulo,SP
Vila Serralheiro,Norte,São Paulo,SP
Vila Silva Teles,Leste,São Paulo,SP
Vila Simone,Norte,São Paulo,SP
Vila Sinhá,Norte,São Paulo,SP
Vila Siqueira (Zona Leste),Leste,São Paulo,SP
Vila Siqueira (Zona Norte),Norte,São Paulo,SP
Vila Sirene,Norte,São Paulo,SP
Vila Siria,Norte,São Paulo,SP
Vila Socorro,Sul,São Paulo,SP
Vila Sofia,Norte,São Paulo,SP
Vila Solange,Norte,São Paulo,SP
Vila Souza,Norte,São Paulo,SP
Vila Suíça,Norte,São Paulo,SP
Vila Sulina,Sul,São Paulo,SP
Vila Suzana,Oeste,São Paulo,SP
Vila Talarico,Norte,São Paulo,SP
Vila Taquari,Leste,São Paulo,SP
Vila Teresinha,Norte,São Paulo,SP
Vila Tiradentes,Norte,São Paulo,SP
Vila Tolstoi,Leste,São Paulo,SP
Vila Tramontano,Oeste,São Paulo,SP
Vila Uberabinha,Sul,São Paulo,SP
Vila União (Zona Leste),Leste,São Paulo,SP
Vila União (Zona Norte),Norte,São Paulo,SP
Vila Universitária,Sul,São Paulo,SP
Vila Ursulina,Norte,São Paulo,SP
Vila Valdemar,Norte,São Paulo,SP
Vila Vasconcelos,Sul,São Paulo,SP
Vila Vera,Norte,São Paulo,SP
Vila Verde,Norte,São Paulo,SP
Vila Vermelha,Sul,São Paulo,SP
Vila Vessoni,Norte,São Paulo,SP
Vila Virginia,Norte,São Paulo,SP
Vila Vitório Mazzei,Norte,São Paulo,SP
Vila Yara,Oeste,São Paulo,SP
Vila Zat,Norte,São Paulo,SP
Vila Zefira,Norte,São Paulo,SP
Vila Zelina,Leste,São Paulo,SP
Vila Zilda (Tatuapé),Leste,São Paulo,SP
Vila Zilda (Zona Norte),Norte,São Paulo,SP
Vila Zulmira,Norte,São Paulo,SP
